<?xml version="1.0"?>
<!-- This is a generated file. It is highly recommended that you DO NOT edit this file. -->
<iq:manifest version="3" xmlns:iq="http://www.garmin.com/xml/connectiq">
    <!--
        Use "Monkey C: Edit Application" from the Visual Studio Code command palette
        to update the application attributes.
    -->
    <iq:application id="518fecdb-9467-4f72-b82c-7c1e97b9c02c" type="datafield" name="@Strings.AppName" entry="altPowerApp" launcherIcon="@Drawables.LauncherIcon" minApiLevel="3.2.0">
        <!--
            Use the following from the Visual Studio Code comand palette to edit
            the build targets:
            "Monkey C: Set Products by Version" - Lets you add all producs that meet the
                                                    minimum SDK version of the application
            "Monkey C: Edit Products" - Lets you add or remove any product
        -->
        <iq:products>
            <iq:product id="edge130plus"/>
            <iq:product id="edge530"/>
        </iq:products>
        <!--
            Use "Monkey C: Edit Permissions" from the Visual Studio Code command
            palette to update permissions.
        -->
        <iq:permissions/>
        <!--
            Use "Monkey C: Edit Languages" from the Visual Studio Code command
            palette to edit your compatible language list.
        -->
        <iq:languages>
            <iq:language>eng</iq:language>
        </iq:languages>
        <!--
            Use "Monkey C: Configure Monkey Barrel" from the Visual Studio Code
            command palette to edit the included barrels.
        -->
        <iq:barrels/>
    </iq:application>
</iq:manifest>