Date,Body Fat %,Fitbit steps,Fitbit tracked sleep minutes,Neck,Waist,Weight
2012-09-05,,,,,,168.0
2012-09-14,,,,,,163.5
2012-09-16,,,,,,165.0
2012-09-17,,,,,,167.0
2012-09-18,,,,,,167.0
2012-09-19,,,,,,167.0
2012-09-20,,,,,,168.0
2012-09-21,,,,,,165.0
2012-09-22,,,,,,165.5
2012-09-23,,,,,,169.0
2012-09-24,,,,,,167.8
2012-09-25,,,,,,168.0
2012-09-26,,,,,,167.0
2012-09-27,,,,,,167.5
2012-09-28,,,,,,166.5
2012-09-29,,,,,,168.0
2012-09-30,,,,,,168.0
2012-10-01,,,,,,166.5
2012-10-02,,,,,,168.5
2012-10-03,,,,,,167.0
2012-10-04,,,,,,168.0
2012-10-05,,,,,,168.0
2012-10-06,,,,,,167.3
2012-10-07,,,,,,169.5
2012-10-08,,,,,,168.5
2012-10-09,,,,,,167.5
2012-10-11,,,,,,167.0
2012-10-12,,,,,,166.5
2012-10-13,,,,,,166.0
2012-10-15,,,,,,167.0
2012-10-16,,,,,,166.5
2012-10-17,,,,,,166.5
2012-10-19,,,,,,167.5
2012-10-22,,,,,,167.0
2012-10-24,,,,,,167.8
2012-10-25,,,,,,167.5
2012-10-26,,,,,,167.0
2012-10-27,,,,,,167.8
2012-10-29,,,,,,168.5
2012-10-30,,,,,,168.0
2012-11-01,,,,,,168.8
2012-11-02,,,,,,167.0
2012-11-03,,,,,,167.0
2012-11-05,,,,,,166.8
2012-11-06,,,,,,166.5
2012-11-07,,,,,,166.0
2012-11-09,,,,,,167.5
2012-11-10,,,,,,167.5
2012-11-12,,,,,,166.0
2012-11-13,,,,,,166.5
2012-11-14,,,,,,167.0
2012-11-15,,,,,,167.0
2012-11-17,,,,,,168.0
2012-11-19,,,,,,166.5
2012-11-27,,,,,,165.5
2012-11-28,,,,,,165.5
2012-11-29,,,,,,165.8
2012-11-30,,,,,,165.3
2012-12-01,,,,,,165.6
2012-12-03,,,,,,165.5
2012-12-04,,,,,,166.0
2012-12-06,,,,,,167.3
2012-12-07,,,,,,168.0
2012-12-08,,,,,,167.0
2012-12-10,,,,,,169.0
2012-12-11,,,,,,168.0
2012-12-12,,,,,,166.0
2012-12-13,,,,,,167.0
2012-12-14,,,,,,168.0
2012-12-17,,,,,,167.8
2012-12-18,,,,,,168.5
2012-12-19,,,,,,167.5
2013-01-08,,,,,,171.0
2013-01-09,,,,,,170.0
2013-01-11,,,,,,171.0
2013-01-12,,,,,,170.0
2013-01-14,,,,,,170.0
2013-01-15,,,,,,171.0
2013-01-16,,,,,,169.5
2013-01-17,,,,,,169.0
2013-01-18,,,,,,169.0
2013-01-21,,,,,,168.5
2013-01-22,,,,,,168.8
2013-01-23,,,,,,170.0
2013-01-24,,,,,,169.0
2013-01-25,,,,,,170.0
2013-01-28,,,,,,170.0
2013-01-29,,,,,,169.0
2013-01-30,,,,,,169.0
2013-02-04,,,,,,168.0
2013-02-11,,,,,,168.0
2013-02-12,,,,,,168.0
2013-02-13,,,,,,167.8
2013-02-20,,,,,,166.4
2013-02-21,,,,,,166.2
2013-02-22,,,,,,166.4
2013-02-23,,,,,,167.2
2013-02-24,,,,,,167.4
2013-02-25,,,,,,166.2
2013-02-26,,,,,,167.2
2013-02-27,,,,,,170.2
2013-02-28,,,,,,167.2
2013-03-01,,,,,,167.2
2013-03-02,,,,,,166.0
2013-03-03,,,,,,167.0
2013-03-04,,,,,,166.2
2013-03-06,,,,,,166.5
2013-03-07,,,,,,167.3
2013-03-08,,,,,,166.3
2013-03-15,,,,,,165.0
2013-03-16,,,,,,163.0
2013-03-17,,,,,,164.6
2013-03-18,,,,,,167.6
2013-03-19,,,,,,167.5
2013-03-20,,,,,,167.3
2013-03-21,,,,,,167.5
2013-03-22,,,,,,168.2
2013-03-23,,,,,,167.5
2013-03-24,,,,,,167.5
2013-03-25,,3844.0,,,,166.2
2013-03-26,,12851.0,506.0,,,167.3
2013-03-27,,12436.0,455.0,,,168.0
2013-03-28,,12986.0,460.0,,,168.0
2013-03-29,,10813.0,503.0,,,166.4
2013-03-30,,7943.0,439.0,,,166.3
2013-03-31,,12274.0,,,,164.9
2013-04-01,,9729.0,507.0,,,165.3
2013-04-02,,12721.0,500.0,,,167.8
2013-04-03,,13313.0,464.0,,,167.2
2013-04-04,,12422.0,433.0,,,168.0
2013-04-05,,20053.0,476.0,,,168.0
2013-04-06,,17938.0,422.0,,,167.3
2013-04-07,,22451.0,,,,166.7
2013-04-08,,15365.0,397.0,,,166.7
2013-04-09,,18822.0,502.0,,,167.5
2013-04-10,,12312.0,465.0,,,168.0
2013-04-11,,13313.0,449.0,,,167.3
2013-04-12,,15657.0,460.0,,,167.8
2013-04-13,,13111.0,409.0,,,168.3
2013-04-14,,6393.0,435.0,,,167.1
2013-04-15,,12532.0,490.0,,,167.1
2013-04-16,,17285.0,458.0,,,167.5
2013-04-17,,11304.0,386.0,,,168.2
2013-04-18,,9790.0,462.0,,,167.5
2013-04-19,,13337.0,438.0,,,165.8
2013-04-20,,9314.0,470.0,,,167.1
2013-04-21,,5346.0,420.0,,,
2013-04-22,,12334.0,489.0,,,166.0
2013-04-23,,9765.0,437.0,,,168.0
2013-04-24,,10765.0,469.0,,,167.5
2013-04-25,,12889.0,426.0,,,166.8
2013-04-26,,13307.0,376.0,,,
2013-04-27,,7785.0,,,,165.0
2013-04-28,,10257.0,,,,166.4
2013-04-29,,10116.0,,,,167.2
2013-04-30,,8424.0,,,,168.2
2013-05-01,,6929.0,,,,167.6
2013-05-02,,12491.0,,,,166.4
2013-05-03,,10052.0,,,,166.4
2013-05-04,,14903.0,,,,165.8
2013-05-05,,5539.0,,,,164.9
2013-05-06,,7422.0,,,,164.8
2013-05-07,,7500.0,,,,165.8
2013-05-08,,12245.0,,,,166.2
2013-05-09,,7934.0,,,,166.0
2013-05-10,,11587.0,,,,
2013-05-11,,10607.0,,,,165.6
2013-05-12,,6478.0,,,,165.2
2013-05-13,,12874.0,,,,164.2
2013-05-14,,11172.0,,,,165.8
2013-05-15,,14921.0,,,,164.9
2013-05-16,,10203.0,,,,
2013-05-17,,10938.0,,,,165.0
2013-05-18,,11347.0,,,,
2013-05-19,,5453.0,,,,165.8
2013-05-20,,9915.0,,,,166.2
2013-05-21,,12088.0,,,,167.8
2013-05-22,,6625.0,,,,166.0
2013-05-23,,8952.0,,,,166.0
2013-05-24,,9422.0,,,,167.5
2013-05-25,,12390.0,,,,167.5
2013-05-26,,5933.0,,,,165.3
2013-05-27,,7326.0,,,,166.4
2013-05-28,,7305.0,,,,166.4
2013-05-29,,7687.0,,,,167.2
2013-05-30,,14490.0,,,,167.1
2013-05-31,,6118.0,,,,166.0
2013-06-01,,4636.0,,,,166.0
2013-06-02,,6038.0,,,,166.2
2013-06-03,,3566.0,,,,167.3
2013-06-04,,10550.0,,,,166.2
2013-06-05,,7502.0,,,,166.1
2013-06-06,,4812.0,,,,166.0
2013-06-07,,4200.0,,,,
2013-06-08,,6223.0,,,,166.7
2013-06-09,,2708.0,,,,167.3
2013-06-10,,5487.0,,,,167.3
2013-06-11,,7286.0,,,,167.5
2013-06-12,,5109.0,,,,167.3
2013-06-13,,5596.0,,,,164.7
2013-06-14,,6299.0,,,,165.3
2013-06-15,,2924.0,,,,
2013-06-16,,3796.0,,,,166.5
2013-06-17,,3174.0,,,,165.3
2013-06-18,,1470.0,,,,
2013-06-19,,4049.0,,,,
2013-06-20,,1037.0,,,,
2013-06-21,,2571.0,,,,
2013-06-22,,4621.0,,,,
2013-06-23,,2925.0,,,,
2013-06-24,,1056.0,,,,
2013-06-25,,2514.0,,,,165.3
2013-06-26,,9452.0,,,,
2013-06-27,,3383.0,,,,
2013-06-28,,1787.0,,,,
2013-06-29,,11535.0,,,,
2013-06-30,,1040.0,,,,
2013-07-01,,3285.0,,,,
2013-07-02,,485.0,,,,
2013-07-03,,536.0,,,,
2013-07-04,,1470.0,,,,
2013-07-05,,7375.0,,,,
2013-07-06,,8197.0,,,,
2013-07-07,,2905.0,,,,
2013-07-08,,4458.0,,,,
2013-07-09,,505.0,,,,
2013-07-10,,5792.0,,,,
2013-07-11,,956.0,,,,
2013-07-12,,1323.0,,,,
2013-07-13,,612.0,,,,
2013-07-14,,7336.0,,,,
2013-07-15,,5141.0,,,,
2013-07-16,,8408.0,,,,
2013-07-17,,5329.0,,,,
2013-07-18,,3314.0,,,,
2013-07-19,,4489.0,,,,
2013-07-20,,3582.0,,,,164.6
2013-07-21,,6331.0,,,,162.7
2013-07-22,,5789.0,,,,162.5
2013-07-23,,8084.0,,,,163.4
2013-07-24,,5749.0,,,,164.2
2013-07-25,,12003.0,,,,164.2
2013-07-26,,4083.0,,,,
2013-07-27,,7252.0,,,,167.3
2013-07-28,,11324.0,,,,165.0
2013-07-29,,6749.0,,,,164.0
2013-07-30,,9213.0,,,,
2013-07-31,,15412.0,,,,
2013-08-01,,6562.0,,,,164.0
2013-08-02,,15321.0,,,,
2013-08-03,,6655.0,,,,
2013-08-04,,8814.0,,,,
2013-08-05,,10378.0,,,,
2013-08-06,,10265.0,,,,164.2
2013-08-07,,6067.0,,,,165.8
2013-08-08,,7977.0,,,,166.6
2013-08-09,,9471.0,,,,166.8
2013-08-10,,11038.0,,,,165.2
2013-08-11,,7242.0,,48.0,,165.3
2013-08-12,,6034.0,,48.0,,166.0
2013-08-13,,1910.0,,,,
2013-08-14,,6025.0,,,,
2013-08-15,,1552.0,,,,
2013-08-16,,2732.0,,,,
2013-08-17,,9880.0,,,,
2013-08-18,,5105.0,,,,
2013-08-19,,3272.0,,,,
2013-08-20,,6291.0,,,,
2013-08-21,,5677.0,,,,163.4
2013-08-22,,10581.0,,,,163.4
2013-08-23,,5443.0,,,,164.7
2013-08-24,,4786.0,,,,166.9
2013-08-25,,3803.0,,,,165.0
2013-08-26,,6325.0,,,,166.4
2013-08-27,,5413.0,,,,167.8
2013-08-28,,700.0,,,,166.4
2013-08-29,,11315.0,,,,165.2
2013-08-30,,4265.0,,,,164.2
2013-08-31,,6701.0,,,,164.7
2013-09-01,,5371.0,,,,164.5
2013-09-02,,5307.0,,,,164.7
2013-09-03,,3796.0,,,,164.8
2013-09-04,,5962.0,,,,165.8
2013-09-05,,4975.0,,,,166.9
2013-09-06,,6080.0,,,,167.5
2013-09-07,,4973.0,,,,165.8
2013-09-08,,7157.0,,,,
2013-09-09,,8727.0,,,,167.1
2013-09-10,,8850.0,,,,167.1
2013-09-11,,8605.0,,,,166.2
2013-09-12,,6739.0,,,,167.1
2013-09-13,,11288.0,,,,163.8
2013-09-14,,11573.0,,,,167.1
2013-09-15,,6462.0,,,,167.8
2013-09-16,,7937.0,,,,166.4
2013-09-17,,6677.0,,,,168.0
2013-09-18,,8332.0,,,,167.8
2013-09-19,,7666.0,,,,167.3
2013-09-20,,10648.0,,,,168.9
2013-09-21,,5150.0,,,,166.7
2013-09-22,,14720.0,,,,166.0
2013-09-23,,7793.0,,,,165.0
2013-09-24,,8074.0,,,,165.6
2013-09-25,,5823.0,,,,166.5
2013-09-26,,8119.0,,,,167.3
2013-09-27,,12976.0,,,,168.2
2013-09-28,,6307.0,,,,168.9
2013-09-29,,8486.0,,,,
2013-09-30,,12255.0,,,,166.9
2013-10-01,,8239.0,,,,166.7
2013-10-02,,11005.0,,,,166.4
2013-10-03,,7129.0,,,,167.4
2013-10-04,,10135.0,,,,167.6
2013-10-05,,5761.0,,,,167.6
2013-10-06,,7987.0,,,,168.0
2013-10-07,,6102.0,,,,167.5
2013-10-08,,13502.0,,,,169.5
2013-10-09,,5659.0,,,,166.8
2013-10-10,,7949.0,,,,167.5
2013-10-11,,9185.0,,,,167.1
2013-10-12,,4510.0,,,,166.5
2013-10-13,,6478.0,,,,167.1
2013-10-14,,8505.0,,,,166.6
2013-10-15,,9197.0,,,,168.0
2013-10-16,,12279.0,,,,165.0
2013-10-17,,7465.0,,,,166.3
2013-10-18,,10315.0,,,,168.3
2013-10-19,,5938.0,,,,166.3
2013-10-20,,9676.0,,,,167.1
2013-10-21,,7599.0,,,,166.6
2013-10-22,,8250.0,,,,168.1
2013-10-23,,8221.0,,,,168.6
2013-10-24,,11081.0,,,,168.1
2013-10-25,,9390.0,,,,167.3
2013-10-26,,6976.0,,,,
2013-10-27,,7126.0,,,,168.0
2013-10-28,,8561.0,,,,167.1
2013-10-29,,7243.0,,,,168.8
2013-10-30,,7199.0,,,,169.1
2013-10-31,,5563.0,,,,168.3
2013-11-01,,12005.0,,,,168.8
2013-11-02,,8272.0,,,,168.0
2013-11-03,,8435.0,,,,166.0
2013-11-04,,8018.0,,,,165.8
2013-11-05,,9726.0,,,,166.3
2013-11-06,,7863.0,,,,167.8
2013-11-07,,8845.0,,,,167.8
2013-11-08,,10999.0,,,,166.0
2013-11-09,,16583.0,,,,
2013-11-10,,3272.0,,,,166.3
2013-11-11,,9861.0,,,,165.1
2013-11-12,,7467.0,,,,166.6
2013-11-13,,8580.0,,,,165.5
2013-11-14,,8626.0,,,,166.6
2013-11-15,,9232.0,,,,166.0
2013-11-16,,7211.0,,,,166.1
2013-11-17,,12793.0,,,,167.5
2013-11-18,,10339.0,,,,166.6
2013-11-19,,13436.0,,,,166.6
2013-11-20,,6348.0,,,,166.8
2013-11-21,,10563.0,,,,166.0
2013-11-22,,6778.0,,,,167.8
2013-11-23,,4050.0,,,,168.1
2013-11-24,,3120.0,,,,168.0
2013-11-25,,2697.0,,,,
2013-11-26,,5056.0,,,,
2013-11-27,,809.0,,,,
2013-11-28,,1826.0,,,,
2013-11-29,,3397.0,,,,166.1
2013-11-30,,1867.0,,,,166.1
2013-12-01,,5590.0,,,,168.0
2013-12-02,,1682.0,,,,
2013-12-03,,9673.0,,,,170.0
2013-12-04,,11224.0,,,,170.0
2013-12-05,,9268.0,,,,168.6
2013-12-06,,9235.0,,,,168.6
2013-12-07,,11120.0,,,,168.3
2013-12-08,,5182.0,,,,
2013-12-09,,9180.0,,,,167.1
2013-12-10,,11633.0,,,,167.8
2013-12-11,,10062.0,,,,167.1
2013-12-12,,9580.0,,,,168.1
2013-12-13,,10527.0,,,,169.1
2013-12-14,,6929.0,,,,167.1
2013-12-15,,6785.0,,,,
2013-12-16,,10083.0,,,,166.1
2013-12-17,,9904.0,,,,167.8
2013-12-18,,11077.0,,,,166.8
2013-12-19,,4831.0,,,,167.3
2013-12-20,,5481.0,,,,166.3
2013-12-21,,1395.0,,,,
2013-12-22,,449.0,,,,
2013-12-23,,1116.0,,,,
2013-12-24,,1485.0,,,,
2013-12-25,,3451.0,,,,
2013-12-26,,4920.0,,,,165.0
2013-12-27,,1721.0,,,,165.1
2013-12-28,,1406.0,,,,
2013-12-29,,2242.0,,,,
2013-12-30,,5768.0,,,,164.8
2013-12-31,,1870.0,,,,166.9
2014-01-01,,2481.0,,,,166.9
2014-01-02,,4135.0,,,,166.0
2014-01-03,,4353.0,,,,166.7
2014-01-04,,7091.0,,,,167.8
2014-01-05,,5055.0,,,,168.6
2014-01-06,,6315.0,,,,167.0
2014-01-07,,9609.0,,,,168.0
2014-01-08,,9315.0,,,,
2014-01-09,,13682.0,,55.0,,167.0
2014-01-10,,7650.0,,47.0,,168.4
2014-01-11,,6509.0,,41.0,,168.3
2014-01-12,,8412.0,,50.0,,
2014-01-13,,10481.0,,39.0,,167.0
2014-01-14,,9036.0,,42.0,,167.0
2014-01-15,,9025.0,,,,165.0
2014-01-16,,11811.0,,55.0,,166.0
2014-01-17,,14223.0,,48.0,,169.3
2014-01-18,,7179.0,,53.0,,168.0
2014-01-19,,5822.0,,52.0,32.0,167.2
2014-01-20,,7891.0,,51.0,,167.0
2014-01-21,,8193.0,,47.0,,166.2
2014-01-22,,11407.0,,49.0,,166.3
2014-01-23,,10341.0,,,,167.0
2014-01-24,,7240.0,,43.0,,167.1
2014-01-25,,5581.0,,,,
2014-01-26,,7295.0,,48.0,,167.0
2014-01-27,,9398.0,,,,165.0
2014-01-28,,7831.0,,,,165.3
2014-01-29,,10703.0,,47.0,,166.4
2014-01-30,,9843.0,,43.0,,167.1
2014-01-31,,7333.0,,,,
2014-02-01,,7316.0,,,,
2014-02-02,,8366.0,,,,
2014-02-03,,9164.0,,,,163.8
2014-02-04,,14032.0,,,,166.0
2014-02-05,,8907.0,,49.0,,166.4
2014-02-06,,9268.0,,45.0,,168.2
2014-02-07,,8417.0,,40.0,,169.1
2014-02-08,,6950.0,,,,
2014-02-09,,11462.0,,,,168.0
2014-02-10,,10009.0,,,,166.0
2014-02-11,,10011.0,,51.0,,165.5
2014-02-12,,11434.0,,49.0,,167.1
2014-02-13,,15929.0,,50.0,,167.0
2014-02-14,,7518.0,,42.0,,168.0
2014-02-15,,9005.0,,,,165.4
2014-02-16,,15037.0,,51.0,,166.0
2014-02-17,,6302.0,,48.0,,165.0
2014-02-18,,11065.0,,53.0,,167.0
2014-02-19,,8126.0,,46.0,,164.5
2014-02-20,,13604.0,,43.0,,166.1
2014-02-21,,10713.0,,,,166.1
2014-02-22,,16747.0,,60.0,,166.1
2014-02-23,,13576.0,,47.0,,167.5
2014-02-24,,10102.0,,,,167.3
2014-02-25,,9586.0,,,,167.1
2014-02-26,,11064.0,,,,166.9
2014-02-27,,8136.0,,,,166.5
2014-02-28,,6665.0,,,,165.0
2014-03-01,,10121.0,,51.0,,165.0
2014-03-02,,11568.0,,,,165.5
2014-03-03,,14710.0,,55.0,,165.8
2014-03-04,,17545.0,,,,167.5
2014-03-05,,10414.0,,,,
2014-03-06,,5887.0,,,,167.8
2014-03-07,,3745.0,,,,168.9
2014-03-08,,8727.0,,,,
2014-03-09,,2022.0,,,,167.4
2014-03-10,,6060.0,,,,
2014-03-11,,7249.0,,,,165.4
2014-03-12,,7194.0,,,,166.4
2014-03-13,,5488.0,,,,
2014-03-14,,7927.0,,,,
2014-03-15,,6239.0,,,,
2014-03-16,,4628.0,,,,
2014-03-17,,5825.0,,,,165.6
2014-03-18,,5194.0,,,,165.0
2014-03-19,,5221.0,,,,
2014-03-20,,6016.0,,,,166.4
2014-03-21,,9690.0,,,,167.0
2014-03-22,,6043.0,,,,
2014-03-23,,9926.0,,,,167.0
2014-03-24,,9271.0,,,,167.0
2014-03-25,,10410.0,,,,167.4
2014-03-26,,12253.0,,,,167.5
2014-03-27,,10205.0,,,,168.9
2014-03-28,,10776.0,,,,167.2
2014-03-29,,8152.0,,,,165.0
2014-03-30,,9698.0,,,,
2014-03-31,,15005.0,,,,165.0
2014-04-01,,8859.0,,,,165.6
2014-04-02,,10254.0,,,,166.2
2014-04-03,,14292.0,,,,165.6
2014-04-04,,12640.0,,,,166.0
2014-04-05,,17737.0,,,,165.0
2014-04-06,,4044.0,,,,
2014-04-07,,10673.0,,,,164.5
2014-04-08,,10942.0,,,,165.3
2014-04-09,,10619.0,,,,165.0
2014-04-10,,8832.0,,,,166.2
2014-04-11,,14253.0,,,,166.2
2014-04-12,,8817.0,,,,167.2
2014-04-13,,6872.0,,,,167.8
2014-04-14,,12127.0,,,,167.2
2014-04-15,,7334.0,,,,167.1
2014-04-16,,9101.0,,,,166.2
2014-04-17,,11850.0,,,,166.2
2014-04-18,,5648.0,,,,167.1
2014-04-19,,3255.0,,,,167.8
2014-04-20,,4608.0,,,,
2014-04-21,,10404.0,,,,165.8
2014-04-22,,9642.0,,,,167.5
2014-04-23,,10035.0,,,,167.1
2014-04-24,,13909.0,,,,167.1
2014-04-25,,10367.0,,,,165.4
2014-04-26,,10916.0,,,,166.0
2014-04-27,,10687.0,,,,164.2
2014-04-28,,6772.0,,,,165.1
2014-04-29,,10401.0,,,,167.1
2014-04-30,,10456.0,,,,166.4
2014-05-01,,9363.0,,,,166.4
2014-05-02,,12079.0,,,,166.2
2014-05-03,,11122.0,,,,
2014-05-04,,23808.0,,,,
2014-05-05,,13107.0,,,,167.1
2014-05-06,,9696.0,,,,166.5
2014-05-07,,7748.0,,,,165.6
2014-05-08,,12414.0,,,,166.0
2014-05-09,,8617.0,,,,166.0
2014-05-10,,11732.0,,,,166.8
2014-05-11,,4334.0,,,,166.4
2014-05-12,,6863.0,,,,166.0
2014-05-13,,10696.0,,,,167.4
2014-05-14,,7403.0,,,,166.4
2014-05-15,,7945.0,,,,168.0
2014-05-16,,11230.0,,,,168.2
2014-05-17,,9582.0,,,,
2014-05-18,,4961.0,,,,167.1
2014-05-19,,7976.0,,,,165.8
2014-05-20,,4355.0,,,,166.7
2014-05-21,,10167.0,,,,167.4
2014-05-22,,8266.0,,,,167.1
2014-05-23,,7457.0,,,,168.0
2014-05-24,,13351.0,,,,167.0
2014-05-25,,4917.0,,,,167.1
2014-05-26,,5989.0,,,,
2014-05-27,,6652.0,,,,167.3
2014-05-28,,7680.0,,,,167.3
2014-05-29,,13993.0,,,,166.2
2014-05-30,,6251.0,,,,166.7
2014-05-31,,7621.0,,,,
2014-06-01,,6570.0,,,,
2014-06-02,,3580.0,,,,165.0
2014-06-03,,8032.0,,,,164.6
2014-06-04,,7104.0,,,,165.0
2014-06-05,,2915.0,,,,
2014-06-06,,9651.0,,,,
2014-06-07,,5112.0,,,,
2014-06-08,,3899.0,,,,
2014-06-09,,3170.0,,,,
2014-06-10,,3121.0,,,,
2014-06-11,,6761.0,,,,
2014-06-12,,1762.0,,,,
2014-06-13,,5338.0,,,,
2014-06-14,,3921.0,,,,
2014-06-15,,4404.0,,,,
2014-06-16,,6336.0,,,,
2014-06-17,,5788.0,,,,
2014-06-18,,4593.0,,,,165.0
2014-06-19,,6351.0,,,,164.0
2014-06-20,,7705.0,,,,
2014-06-21,,4207.0,,,,
2014-06-22,,4956.0,,,,
2014-06-23,,25801.0,,,,
2014-06-24,,2959.0,,,,
2014-06-25,,34289.0,,,,
2014-06-26,,12935.0,,,,
2014-06-27,,3490.0,,,,
2014-06-28,,11375.0,,,,
2014-06-29,,9757.0,,,,
2014-06-30,,4267.0,,,,
2014-07-01,,9624.0,,,,
2014-07-02,,26110.0,,,,
2014-07-03,,9958.0,,,,
2014-07-04,,12775.0,,,,
2014-07-05,,7074.0,,,,
2014-07-06,,1047.0,,,,
2014-07-07,,12498.0,,,,
2014-07-08,,4750.0,,,,
2014-07-09,,4110.0,,,,
2014-07-10,,5205.0,,,,
2014-07-11,,19668.0,,,,
2014-07-12,,5138.0,,,,
2014-07-13,,2088.0,,,,159.6
2014-07-14,,8496.0,,,,
2014-07-15,,5987.0,,,,
2014-07-16,,9220.0,,,,
2014-07-17,,7432.0,,,,
2014-07-18,,6629.0,,,,163.0
2014-07-19,,5988.0,,,,161.0
2014-07-20,,5900.0,,,,160.7
2014-07-21,,9050.0,,47.0,,160.7
2014-07-22,,5298.0,,45.0,,161.6
2014-07-23,,5570.0,,,,163.1
2014-07-24,,8479.0,,,,161.6
2014-07-25,,2600.0,,,,163.6
2014-07-26,,10951.0,,,,
2014-07-27,,2018.0,,,,
2014-07-28,,5376.0,,,,
2014-07-29,,2834.0,,,,
2014-07-30,,4384.0,,,,
2014-07-31,,4678.0,,,,
2014-08-01,,2649.0,,,,
2014-08-02,,3143.0,,,,
2014-08-03,,1745.0,,,,
2014-08-04,,2564.0,,,,
2014-08-05,,2374.0,,,,
2014-08-06,,2931.0,,,,
2014-08-07,,8688.0,,,,
2014-08-08,,6501.0,,,,159.4
2014-08-09,,6176.0,,,,161.0
2014-08-10,,9216.0,,,,161.8
2014-08-11,,5901.0,,,,161.6
2014-08-12,,6602.0,,,,163.1
2014-08-13,,2069.0,,,,164.2
2014-08-14,,4528.0,,,,165.1
2014-08-15,,7320.0,,,,164.1
2014-08-16,,12875.0,,,,
2014-08-17,,9064.0,,,,
2014-08-18,,2953.0,,,,
2014-08-19,,3342.0,,,,162.9
2014-08-20,,3504.0,,,,163.6
2014-08-21,,5732.0,,,,164.0
2014-08-22,,4081.0,,,,164.0
2014-08-23,,3059.0,,,,162.7
2014-08-24,,6903.0,,,,164.7
2014-08-25,,9639.0,,,,161.7
2014-08-26,,4934.0,,,,163.6
2014-08-27,,8637.0,,,,165.1
2014-08-28,,6629.0,,,,166.9
2014-08-29,,4997.0,,,,167.5
2014-08-30,,2957.0,,,,166.9
2014-08-31,,3629.0,,,,166.9
2014-09-01,,4068.0,,,,164.2
2014-09-02,,4451.0,,,,164.8
2014-09-03,,8341.0,,,,165.6
2014-09-04,,6057.0,,,,168.1
2014-09-05,,5077.0,,,,166.5
2014-09-06,,6582.0,,,,166.9
2014-09-07,,6872.0,,,,165.6
2014-09-08,,6797.0,,,,166.4
2014-09-09,,13661.0,,,,166.0
2014-09-10,,9095.0,,,,165.8
2014-09-11,,7311.0,,,,165.1
2014-09-12,,6537.0,,,,166.0
2014-09-13,,10460.0,,,,163.8
2014-09-14,,3361.0,,,,165.1
2014-09-15,,7214.0,,,,165.4
2014-09-16,,7423.0,,,,165.8
2014-09-17,,11245.0,,,,164.6
2014-09-18,,8227.0,,,,166.2
2014-09-19,,8569.0,,,,166.7
2014-09-20,,11224.0,,,,166.9
2014-09-21,,6254.0,,,,166.4
2014-09-22,,7606.0,,,,167.4
2014-09-23,,9100.0,,,,166.4
2014-09-24,,6955.0,,,,165.3
2014-09-25,,12381.0,,,,165.8
2014-09-26,,14856.0,,,,166.4
2014-09-27,,9431.0,,,,
2014-09-28,,15367.0,,,,
2014-09-29,,7361.0,,,,163.2
2014-09-30,,7736.0,,,,164.9
2014-10-01,,10586.0,,,,167.1
2014-10-02,,6896.0,,,,167.1
2014-10-03,,12579.0,,,,167.1
2014-10-04,,6001.0,,,,165.4
2014-10-05,,6161.0,,,,166.7
2014-10-06,,8283.0,,,,166.6
2014-10-07,,6484.0,,,,166.4
2014-10-08,,7725.0,,,,
2014-10-09,,6279.0,,,,167.1
2014-10-10,,6157.0,,,,165.2
2014-10-11,,10707.0,,,,165.8
2014-10-12,,3984.0,,,,168.0
2014-10-13,,7219.0,,,,166.2
2014-10-14,,5753.0,,,,168.2
2014-10-15,,8108.0,,,,167.3
2014-10-16,,12611.0,,,,165.6
2014-10-17,,4416.0,,,,166.4
2014-10-18,,14288.0,,,,164.5
2014-10-19,,12481.0,,,,167.0
2014-10-20,,6900.0,,,,166.4
2014-10-21,,6628.0,,,,
2014-10-22,,4867.0,,,,165.4
2014-10-23,,6405.0,,,,165.6
2014-10-24,,5002.0,,,,165.0
2014-10-25,,15924.0,,,,164.2
2014-10-26,,3996.0,,,,164.5
2014-10-27,,11793.0,,,,162.8
2014-10-28,,5620.0,,,,165.3
2014-10-29,,6753.0,,,,166.2
2014-10-30,,7702.0,,,,
2014-10-31,,10356.0,,,,166.7
2014-11-01,,7072.0,,,,165.6
2014-11-02,,8172.0,,,,
2014-11-03,,5038.0,,,,168.0
2014-11-04,,10482.0,,,,167.3
2014-11-05,,8832.0,,,,165.4
2014-11-06,,7749.0,,,,166.7
2014-11-07,,6066.0,,,,167.4
2014-11-08,,4819.0,,,,165.6
2014-11-09,,15079.0,,,,167.1
2014-11-10,,9252.0,,,,166.2
2014-11-11,,8221.0,,,,167.5
2014-11-12,,16177.0,,,,168.2
2014-11-13,,12752.0,,,,167.6
2014-11-14,,8107.0,,,,167.8
2014-11-15,,7055.0,,,,166.2
2014-11-16,,3897.0,,,,165.6
2014-11-17,,10462.0,,,,166.7
2014-11-18,,9467.0,,,,167.1
2014-11-19,,11597.0,,,,167.8
2014-11-20,,10070.0,,,,168.8
2014-11-21,,6056.0,,,,168.4
2014-11-22,,2999.0,,,,167.1
2014-11-23,,6673.0,,,,165.4
2014-11-24,,7959.0,,,,
2014-11-25,,916.0,,,,
2014-11-26,,4101.0,,,,
2014-11-27,,6427.0,,,,
2014-11-28,,5394.0,,,,169.0
2014-11-29,,259.0,,,,166.6
2014-11-30,,256.0,,,,165.6
2014-12-01,,15451.0,,,,164.7
2014-12-02,,10950.0,,,,166.2
2014-12-03,,10620.0,,,,168.4
2014-12-04,,8944.0,,,,168.4
2014-12-05,,13168.0,,,,167.2
2014-12-06,,4283.0,,,,166.2
2014-12-07,,5805.0,,,,166.0
2014-12-08,,10004.0,,,,164.1
2014-12-09,,7076.0,,,,165.4
2014-12-10,,13183.0,,,,166.2
2014-12-11,,8251.0,,,,165.4
2014-12-12,,8065.0,,,,164.2
2014-12-13,,15141.0,,,,164.8
2014-12-14,,2247.0,,,,165.2
2014-12-15,,12773.0,,,,163.8
2014-12-16,,10116.0,,,,164.7
2014-12-17,,8377.0,,,,
2014-12-18,,9870.0,,,,166.5
2014-12-19,,3526.0,,,,164.8
2014-12-20,,2990.0,,,,163.8
2014-12-21,,1247.0,,,,
2014-12-22,,1992.0,,,,
2014-12-23,,3583.0,,,,
2014-12-24,,2846.0,,,,
2014-12-25,,4803.0,,,,
2014-12-26,,9575.0,,,,
2014-12-27,,8861.0,864.0,,,
2014-12-28,,1710.0,,,,
2014-12-29,,4717.0,,,,
2014-12-30,,3688.0,,,,167.1
2014-12-31,,5695.0,,,,165.6
2015-01-01,,7599.0,,,,
2015-01-02,,1379.0,,,,
2015-01-03,,1682.0,,,,165.1
2015-01-04,,3023.0,,,,164.9
2015-01-05,,7627.0,,,,164.0
2015-01-06,,8677.0,,,,167.0
2015-01-07,,8646.0,,,,167.5
2015-01-08,,11341.0,,,,168.0
2015-01-09,,9003.0,,,,168.2
2015-01-10,,11121.0,,,,167.0
2015-01-11,,2814.0,,,,167.0
2015-01-12,,12416.0,,,,165.5
2015-01-13,,8215.0,,,,166.4
2015-01-14,,10738.0,,,,167.4
2015-01-15,,10470.0,,,,168.2
2015-01-16,,10977.0,,,,167.0
2015-01-17,,5204.0,,,,167.8
2015-01-18,,6054.0,,,,166.8
2015-01-19,,9450.0,,,,167.2
2015-01-20,,13469.0,,,,166.7
2015-01-21,,7979.0,,,,167.1
2015-01-22,,10111.0,,,,167.1
2015-01-23,,6139.0,,,,166.6
2015-01-24,,8197.0,,,,
2015-01-25,,4669.0,,,,166.8
2015-01-26,,9159.0,,,,165.6
2015-01-27,,7515.0,,,,167.4
2015-01-28,,9359.0,,,,168.0
2015-01-29,,11200.0,,,,168.9
2015-01-30,,8742.0,,,,168.9
2015-01-31,,9048.0,,,,168.4
2015-02-01,,4620.0,,,,165.6
2015-02-02,,9166.0,,,,164.2
2015-02-03,,7668.0,,,,166.2
2015-02-04,,9463.0,,,,167.8
2015-02-05,,11561.0,,,,169.2
2015-02-06,,8073.0,,,,167.2
2015-02-07,,9710.0,,,,165.8
2015-02-08,,3035.0,,,,167.0
2015-02-09,,11950.0,,,,165.1
2015-02-10,,7569.0,,,,167.9
2015-02-11,,12650.0,,,,167.1
2015-02-12,,9980.0,,,,168.1
2015-02-13,,8275.0,,,,167.1
2015-02-14,,7298.0,,,,
2015-02-15,,9935.0,,,,166.2
2015-02-16,,11386.0,,,,166.4
2015-02-17,,6498.0,,,,167.4
2015-02-18,,12652.0,,,,167.6
2015-02-19,,9402.0,,,,
2015-02-20,,8190.0,,,,167.1
2015-02-21,,3687.0,,,,
2015-02-22,,9596.0,,,,
2015-02-23,,10132.0,,,,167.3
2015-02-24,,8030.0,,,,168.6
2015-02-25,,13414.0,,,,167.3
2015-02-26,,9527.0,,,,167.3
2015-02-27,,6896.0,,,,168.3
2015-02-28,,8879.0,,,,168.2
2015-03-01,,9524.0,,,,168.2
2015-03-02,,10750.0,,,,167.4
2015-03-03,,6627.0,,,,167.6
2015-03-04,,11620.0,,,,168.0
2015-03-05,,12072.0,,,,168.0
2015-03-06,,4519.0,,,,167.2
2015-03-07,,6876.0,,,,164.1
2015-03-08,,13243.0,,,,
2015-03-09,,16702.0,,,,164.9
2015-03-10,,19320.0,,,,164.9
2015-03-11,,12178.0,,,,164.2
2015-03-12,,12043.0,,,,166.2
2015-03-13,,2591.0,,,,164.0
2015-03-14,,3330.0,,,,
2015-03-15,,7612.0,,,,
2015-03-16,,15172.0,,,,
2015-03-17,,27747.0,,,,
2015-03-18,,11359.0,,,,
2015-03-19,,6101.0,,,,
2015-03-20,,3132.0,,,,
2015-03-21,,8750.0,,,,
2015-03-22,,2445.0,,,,
2015-03-23,,17980.0,,,,164.0
2015-03-24,,12402.0,,,,165.2
2015-03-25,,9670.0,,,,165.4
2015-03-26,,15398.0,,,,165.0
2015-03-27,,7808.0,,,,165.8
2015-03-28,,10756.0,,,,165.8
2015-03-29,,12372.0,,,,163.8
2015-03-30,,12315.0,,,,163.5
2015-03-31,,13135.0,,,,164.0
2015-04-01,,18409.0,,,,164.2
2015-04-02,,14121.0,,,,165.0
2015-04-03,,7023.0,,,,165.0
2015-04-04,,8646.0,,43.0,,165.0
2015-04-05,,3324.0,,43.0,,165.5
2015-04-06,,11241.0,,50.0,,163.5
2015-04-07,,14086.0,,43.0,,167.1
2015-04-08,,7760.0,,42.0,,164.1
2015-04-09,,8369.0,,41.0,,167.1
2015-04-10,,9821.0,,41.0,,165.7
2015-04-11,,7305.0,,44.0,,168.0
2015-04-12,,2757.0,,48.0,,165.4
2015-04-13,,10982.0,,44.0,,167.3
2015-04-14,,8452.0,,46.0,,166.0
2015-04-15,,8803.0,,43.0,,166.6
2015-04-16,,9307.0,,45.0,,163.6
2015-04-17,,12152.0,,46.0,,164.3
2015-04-18,,20968.0,,46.0,,165.0
2015-04-19,,5932.0,,48.0,,167.8
2015-04-20,,7933.0,,46.0,,166.7
2015-04-21,,11962.0,,46.0,,166.7
2015-04-22,,15253.0,,47.0,,164.9
2015-04-23,,10014.0,,43.0,,164.7
2015-04-24,,12364.0,,47.0,,164.7
2015-04-25,,6525.0,,45.0,,165.7
2015-04-26,,16646.0,,45.0,,165.5
2015-04-27,,11154.0,,44.0,,165.1
2015-04-28,,13118.0,,43.0,,166.3
2015-04-29,,8205.0,,41.0,,166.0
2015-04-30,,10103.0,,45.0,,166.0
2015-05-01,,9774.0,,41.0,,165.5
2015-05-02,,13775.0,,,,166.0
2015-05-03,,6456.0,,42.0,,165.6
2015-05-04,,9296.0,,48.0,,164.6
2015-05-05,,11401.0,,44.0,,166.4
2015-05-06,,13663.0,,47.0,,164.2
2015-05-07,,15532.0,,44.0,,167.2
2015-05-08,,17063.0,,46.0,,166.4
2015-05-09,,12779.0,,47.0,,166.7
2015-05-10,,5648.0,,47.0,,166.7
2015-05-11,,7078.0,,45.0,,166.0
2015-05-12,,14963.0,,46.0,,166.0
2015-05-13,,14125.0,,45.0,,164.2
2015-05-14,,10935.0,,46.0,,165.2
2015-05-15,,8772.0,,46.0,,166.2
2015-05-16,,10788.0,,,,
2015-05-17,,6792.0,,43.0,,167.2
2015-05-18,,2826.0,,49.0,,166.2
2015-05-19,,5508.0,,54.0,,163.0
2015-05-20,,5826.0,,48.0,,164.5
2015-05-21,,12208.0,,51.0,,163.2
2015-05-22,,7587.0,,54.0,,165.0
2015-05-23,,16270.0,,55.0,,164.7
2015-05-24,,14302.0,,50.0,,167.0
2015-05-25,,12142.0,,49.0,,164.8
2015-05-26,,17795.0,,60.0,,163.0
2015-05-27,,5250.0,,49.0,,164.0
2015-05-28,,8763.0,,45.0,,163.0
2015-05-29,,4372.0,,,,164.0
2015-05-30,,3669.0,,48.0,,163.0
2015-05-31,,14473.0,,49.0,,162.8
2015-06-01,,5747.0,,50.0,,163.0
2015-06-02,,5958.0,,47.0,,165.0
2015-06-03,,3726.0,,45.0,,165.0
2015-06-04,,8057.0,,,,
2015-06-05,,9260.0,,40.0,,
2015-06-06,,12709.0,,,,
2015-06-07,,7405.0,,45.0,,
2015-06-08,,12019.0,,,,
2015-06-09,,2557.0,,48.0,,
2015-06-10,,14475.0,,47.0,,
2015-06-11,,11312.0,,46.0,,
2015-06-12,,7067.0,,45.0,,
2015-06-13,,3763.0,,48.0,,
2015-06-14,,12106.0,,46.0,,161.0
2015-06-15,,6874.0,,43.0,,163.0
2015-06-16,,8430.0,,44.0,,162.0
2015-06-17,,11190.0,,43.0,,165.0
2015-06-18,,16509.0,,43.0,,
2015-06-19,,1896.0,,40.0,,
2015-06-20,,5298.0,,43.0,,
2015-06-21,,2395.0,,45.0,,
2015-06-22,,3127.0,,47.0,,163.0
2015-06-23,,1951.0,,48.0,,
2015-06-24,,4021.0,,48.0,,
2015-06-25,,5590.0,,,,
2015-06-26,,16108.0,,,,
2015-06-27,,2399.0,,,,
2015-06-28,,1379.0,,48.0,,
2015-06-29,,6806.0,,44.0,,
2015-06-30,,7851.0,,47.0,,
2015-07-01,,5162.0,,,,
2015-07-02,,4932.0,,,,
2015-07-03,,7490.0,,,,
2015-07-04,,3187.0,,,,
2015-07-05,,1080.0,,,,
2015-07-06,,1348.0,,,,
2015-07-07,,18401.0,,,,
2015-07-08,,6467.0,,,,
2015-07-09,,14378.0,,,,
2015-07-10,,15946.0,,,,
2015-07-11,,13671.0,,,,
2015-07-12,,10625.0,,,,
2015-07-13,,12566.0,,,,
2015-07-14,,8647.0,,,,
2015-07-15,,12489.0,,,,
2015-07-16,,9182.0,,,,
2015-07-17,,5952.0,,,,
2015-07-18,,2924.0,,,,
2015-07-19,,589.0,,,,
2015-07-20,,3825.0,,,,
2015-07-21,,8874.0,,,,
2015-07-22,,11803.0,,,,
2015-07-23,,12171.0,,,,
2015-07-24,,435.0,,,,
2015-07-25,,10739.0,,,,
2015-07-26,,3954.0,,,,
2015-07-27,,10295.0,,,,
2015-07-28,,5670.0,,,,
2015-07-29,,3762.0,,,,
2015-07-30,,3456.0,,,,
2015-07-31,,6184.0,,,,
2015-08-01,,2165.0,,,,
2015-08-02,,5496.0,,,,
2015-08-03,,2179.0,,,,
2015-08-04,,2539.0,,,,
2015-08-05,,0.0,,,,
2015-08-06,,5336.0,,,,
2015-08-07,,1739.0,,,,
2015-08-08,,8959.0,,,,
2015-08-09,,2773.0,,,,
2015-08-10,,9161.0,,,,
2015-08-11,,12093.0,,,,162.0
2015-08-12,,14543.0,,,,162.0
2015-08-13,,941.0,,,,161.6
2015-08-14,,6565.0,,,,
2015-08-15,,7051.0,,,,
2015-08-16,,12920.0,,,,
2015-08-17,,3094.0,,,,
2015-08-18,,9335.0,,,,
2015-08-19,,11122.0,,,,163.0
2015-08-20,,6456.0,,,,163.0
2015-08-21,,10148.0,,,,162.0
2015-08-22,,6381.0,,,,163.5
2015-08-23,,12192.0,,,,162.6
2015-08-24,,12740.0,,,,162.6
2015-08-25,,13346.0,,,,164.8
2015-08-26,,9345.0,,,,163.0
2015-08-27,,13857.0,,,,164.5
2015-08-28,,14092.0,,,,164.8
2015-08-29,,6965.0,,,,162.1
2015-08-30,,11064.0,,,,164.1
2015-08-31,,7750.0,,,,163.6
2015-09-01,,6018.0,,,,162.6
2015-09-02,,5076.0,,,,163.0
2015-09-03,,8226.0,,,,165.0
2015-09-04,,6563.0,,,,164.0
2015-09-05,,4252.0,,,,163.4
2015-09-06,,10038.0,,,,166.4
2015-09-07,,14686.0,,,,166.0
2015-09-08,,12061.0,,,,166.4
2015-09-09,,12660.0,,,,164.4
2015-09-10,,11803.0,,,,166.4
2015-09-11,,16192.0,,,,165.1
2015-09-12,,18011.0,,,,165.1
2015-09-13,,8630.0,,,,164.5
2015-09-14,,10543.0,,,,163.1
2015-09-15,,11506.0,,,,165.6
2015-09-16,,9184.0,,,,165.6
2015-09-17,,6560.0,,,,165.6
2015-09-18,,8894.0,,,,165.6
2015-09-19,,11318.0,,,,165.2
2015-09-20,,5454.0,,,,164.5
2015-09-21,,5198.0,,,,164.5
2015-09-22,,4310.0,,,,165.4
2015-09-23,,7007.0,,,,164.2
2015-09-24,,7169.0,,,,164.9
2015-09-25,,11251.0,,,,166.2
2015-09-26,,2932.0,,,,164.1
2015-09-27,,19262.0,,,,164.1
2015-09-28,,8455.0,,,,164.1
2015-09-29,,5469.0,,,,164.2
2015-09-30,,22528.0,,,,165.2
2015-10-01,,7291.0,,,,166.2
2015-10-02,,6175.0,,,,
2015-10-03,,5817.0,,,,165.8
2015-10-04,,5158.0,,,,
2015-10-05,,5223.0,,,,167.0
2015-10-06,,10128.0,,,,165.0
2015-10-07,,12226.0,,,,165.1
2015-10-08,,5977.0,,,,166.1
2015-10-09,,5525.0,,,,164.1
2015-10-10,,4997.0,,,,163.1
2015-10-11,,4558.0,,,,164.1
2015-10-12,,6715.0,,,,164.1
2015-10-13,,7280.0,,,,
2015-10-14,,6762.0,,,,165.1
2015-10-15,,14549.0,,,,164.1
2015-10-16,,9795.0,,,,167.1
2015-10-17,,3718.0,,,,166.0
2015-10-18,,4682.0,,,,163.0
2015-10-19,,4846.0,,,,164.0
2015-10-20,,5867.0,,,,163.2
2015-10-21,,13942.0,,,,164.1
2015-10-22,,9028.0,,,,164.1
2015-10-23,,12921.0,,,,164.1
2015-10-24,,8958.0,,,,164.1
2015-10-25,,11286.0,,,,165.1
2015-10-26,,7225.0,,,,
2015-10-27,,6106.0,,,,164.1
2015-10-28,,5580.0,,,,165.1
2015-10-29,,10127.0,,,,165.1
2015-10-30,,6678.0,,,,163.1
2015-10-31,,6083.0,,,,163.1
2015-11-01,,8169.0,,,,162.1
2015-11-02,,11845.0,,,,162.0
2015-11-03,,12783.0,,,,163.0
2015-11-04,,13851.0,,,,163.1
2015-11-05,,13026.0,,,,163.1
2015-11-06,,10776.0,,,,164.1
2015-11-07,,6611.0,,,,164.1
2015-11-08,,13198.0,,,,163.1
2015-11-09,,8653.0,,,,163.1
2015-11-10,,4387.0,,,,164.3
2015-11-11,,6744.0,,,,163.1
2015-11-12,,7477.0,,,,163.1
2015-11-13,,10252.0,,,,163.4
2015-11-14,,10398.0,,,,
2015-11-15,,6642.0,,,,163.4
2015-11-16,,8639.0,,,,162.8
2015-11-17,,11792.0,,,,162.8
2015-11-18,,10005.0,,,,163.4
2015-11-19,,6217.0,,,,163.1
2015-11-20,,8485.0,,,,163.4
2015-11-21,,3239.0,,,,162.0
2015-11-22,,9514.0,,,,160.3
2015-11-23,,12423.0,,,,161.4
2015-11-24,,7166.0,,,,
2015-11-25,,11712.0,804.0,,,
2015-11-26,,7832.0,,,,
2015-11-27,,13648.0,,,,
2015-11-28,,2846.0,,,,
2015-11-29,,3179.0,,,,
2015-11-30,,9558.0,,,,163.9
2015-12-01,,12965.0,,,,163.9
2015-12-02,,10485.0,,,,163.9
2015-12-03,,9618.0,,,,164.1
2015-12-04,,9656.0,,,,163.1
2015-12-05,,13752.0,,,,163.1
2015-12-06,,4573.0,,,,163.3
2015-12-07,,14512.0,,,,162.8
2015-12-08,,11646.0,,,,164.1
2015-12-09,,9268.0,,,,164.2
2015-12-10,,10036.0,,,,164.1
2015-12-11,,10595.0,,,,162.5
2015-12-12,,13982.0,,,,164.5
2015-12-13,,9348.0,,,,165.0
2015-12-14,,8902.0,,,,165.0
2015-12-15,,8686.0,,,,163.9
2015-12-16,,11723.0,,,,163.0
2015-12-17,,5150.0,,,,162.8
2015-12-18,,6117.0,,,,162.8
2015-12-19,,4849.0,,,,161.4
2015-12-20,,2054.0,,,,161.0
2015-12-21,,6287.0,,,,158.8
2015-12-22,,2503.0,,,,163.0
2015-12-23,,2947.0,,,,163.0
2015-12-24,,983.0,,,,164.0
2015-12-25,,10803.0,,,,
2015-12-26,,1995.0,,,,162.0
2015-12-27,,7067.0,,,,161.9
2015-12-28,,2848.0,,,,159.9
2015-12-29,,4503.0,,,,159.8
2015-12-30,,6034.0,,,,160.1
2015-12-31,,9813.0,,,,163.8
2016-01-01,,9316.0,,,,163.8
2016-01-02,,7110.0,,,,162.4
2016-01-03,,11942.0,,,,162.9
2016-01-04,,6231.0,,,,162.8
2016-01-05,,9663.0,,,,163.3
2016-01-06,,7997.0,,,,163.4
2016-01-07,,11146.0,,,,164.0
2016-01-08,,11824.0,,,,162.9
2016-01-09,,12182.0,,,,160.5
2016-01-10,,9442.0,,,,160.7
2016-01-11,,9503.0,,,,160.7
2016-01-12,,10581.0,,,,163.1
2016-01-13,,9113.0,,,,162.0
2016-01-14,,10050.0,,,,161.5
2016-01-15,,9998.0,,,,159.4
2016-01-16,,12511.0,,,,160.0
2016-01-17,,4478.0,,,,164.0
2016-01-18,,7093.0,,,,165.0
2016-01-19,,9512.0,,,,165.0
2016-01-20,,11002.0,,,,166.3
2016-01-21,,9492.0,,,,166.6
2016-01-22,,11037.0,,,,166.6
2016-01-23,,8165.0,,,,165.0
2016-01-24,,6026.0,,,,164.1
2016-01-25,,8325.0,,,,166.7
2016-01-26,,12625.0,,,,166.3
2016-01-27,,9565.0,,,,168.0
2016-01-28,,10246.0,,,,166.9
2016-01-29,,6254.0,,,,
2016-01-30,,7363.0,,,,
2016-01-31,,9445.0,,,,164.1
2016-02-01,,7434.0,,,,166.0
2016-02-02,,10146.0,,,,165.5
2016-02-03,,9086.0,,,,165.5
2016-02-04,,13225.0,,,,165.5
2016-02-05,,17968.0,,,,165.6
2016-02-06,,10342.0,,,,165.4
2016-02-07,,5232.0,,,,165.0
2016-02-08,,10272.0,,,,163.4
2016-02-09,,13219.0,,,,164.6
2016-02-10,,15104.0,,,,165.5
2016-02-11,,9557.0,,,,164.4
2016-02-12,,7826.0,,,,164.0
2016-02-13,,8312.0,,,,164.0
2016-02-14,,6842.0,,,,163.8
2016-02-15,,12114.0,,,,165.0
2016-02-16,,8388.0,,,,
2016-02-17,,8740.0,,,,165.0
2016-02-18,,5545.0,,,,165.0
2016-02-19,,8808.0,,,,165.5
2016-02-20,,7759.0,,,,
2016-02-21,,4889.0,,,,164.1
2016-02-22,,13422.0,,,,163.1
2016-02-23,,7748.0,,,,163.6
2016-02-24,,3986.0,,,,164.1
2016-02-25,,5334.0,,,,166.0
2016-02-26,,11136.0,,,,
2016-02-27,,7653.0,,,,164.0
2016-02-28,,13506.0,,,,163.5
2016-02-29,,10997.0,,,,163.4
2016-03-01,,19800.0,,,,164.2
2016-03-02,,9999.0,,,,164.8
2016-03-03,,6518.0,,,,163.8
2016-03-04,,7490.0,,,,163.8
2016-03-05,,4896.0,,,,163.8
2016-03-06,,7307.0,,,,162.4
2016-03-07,,8765.0,,,,
2016-03-08,,8297.0,,,,163.1
2016-03-09,,16505.0,,,,163.9
2016-03-10,,5166.0,,,,164.2
2016-03-11,,1282.0,,,,
2016-03-12,,11164.0,,,,
2016-03-13,,849.0,,,,
2016-03-14,,20782.0,,,,
2016-03-15,,2784.0,,,,
2016-03-16,,13333.0,,,,
2016-03-17,,16038.0,,,,
2016-03-18,,15463.0,,,,
2016-03-19,,8669.0,,,,
2016-03-20,,11540.0,,,,
2016-03-21,,4784.0,,,,162.0
2016-03-22,,12028.0,,,,
2016-03-23,,11549.0,,,,164.0
2016-03-24,,15733.0,,,,165.0
2016-03-25,,14211.0,,,,166.0
2016-03-26,,4350.0,,,,165.0
2016-03-27,,6402.0,,,,161.4
2016-03-28,,12781.0,,,,162.5
2016-03-29,,9509.0,,,,162.6
2016-03-30,,11510.0,,,,
2016-03-31,,10386.0,,,,166.1
2016-04-01,,16306.0,,,,
2016-04-02,,13862.0,,,,165.0
2016-04-03,,7392.0,,,,163.0
2016-04-04,,11693.0,,,,162.0
2016-04-05,,11574.0,,,,164.0
2016-04-06,,9336.0,,,,162.0
2016-04-07,,8951.0,,,,163.6
2016-04-08,,10538.0,,,,162.5
2016-04-09,,10149.0,,,,162.5
2016-04-10,,5076.0,,,,161.8
2016-04-11,,13048.0,,,,
2016-04-12,,10994.0,,,,162.6
2016-04-13,,11944.0,,,,162.6
2016-04-14,,13127.0,,,,164.2
2016-04-15,,8558.0,,,,164.2
2016-04-16,,14433.0,,,,
2016-04-17,,23782.0,,,,
2016-04-18,,8470.0,,,,161.6
2016-04-19,,13293.0,,,,160.6
2016-04-20,,12324.0,,,,162.4
2016-04-21,,11312.0,,,,
2016-04-22,,10516.0,,,,162.4
2016-04-23,,6766.0,,,,163.1
2016-04-24,,10075.0,,,,162.5
2016-04-25,,12905.0,,,,162.5
2016-04-26,,11267.0,,,,164.0
2016-04-27,,9737.0,,,,165.1
2016-04-28,,11749.0,,,,164.9
2016-04-29,,10779.0,,,,163.7
2016-04-30,,7909.0,,,,165.3
2016-05-01,,8741.0,,,,162.9
2016-05-02,,11031.0,,,,162.9
2016-05-03,,14465.0,,,,165.0
2016-05-04,,12355.0,,,,165.1
2016-05-05,,10273.0,,,,165.9
2016-05-06,,7740.0,,,,164.0
2016-05-07,,12956.0,,,,162.6
2016-05-08,,7922.0,,,,162.8
2016-05-09,,11719.0,,,,
2016-05-10,,11210.0,,,,
2016-05-11,,16218.0,,,,163.5
2016-05-12,,11219.0,,,,164.2
2016-05-13,,11511.0,,,,164.2
2016-05-14,,11354.0,,,,164.9
2016-05-15,,8735.0,,,,166.1
2016-05-16,,12956.0,,,,163.6
2016-05-17,,13486.0,,,,163.8
2016-05-18,,11844.0,,,,163.8
2016-05-19,,16023.0,,,,163.2
2016-05-20,,10018.0,,,,163.1
2016-05-21,,9185.0,,,,
2016-05-22,,6479.0,,,,164.8
2016-05-23,,7451.0,,,,
2016-05-24,,8167.0,,,,163.0
2016-05-25,,7703.0,,,,162.5
2016-05-26,,14371.0,,,,162.7
2016-05-27,,8631.0,,,,162.6
2016-05-28,,7648.0,,,,161.8
2016-05-29,,27687.0,,,,160.9
2016-05-30,,7425.0,,,,
2016-05-31,,9329.0,,,,162.9
2016-06-01,,5795.0,,,,163.9
2016-06-02,,6071.0,,,,164.0
2016-06-03,,5046.0,,,,164.0
2016-06-04,,6824.0,,,,
2016-06-05,,5139.0,,,,162.4
2016-06-06,,10207.0,,,,163.5
2016-06-07,,13401.0,,,,
2016-06-08,,16784.0,,,,163.5
2016-06-09,,14028.0,,,,166.0
2016-06-10,,9130.0,,,,164.8
2016-06-11,,15994.0,,,,163.8
2016-06-12,,9464.0,,,,166.2
2016-06-13,,10173.0,,,,164.1
2016-06-14,,14929.0,,,,164.6
2016-06-15,,7687.0,,,,165.0
2016-06-16,,10746.0,,,,163.1
2016-06-17,,12385.0,,,,160.9
2016-06-18,,10537.0,,,,
2016-06-19,,7828.0,,,,
2016-06-20,,9591.0,,,,
2016-06-21,,4510.0,,,,163.0
2016-06-22,,10308.0,,,,163.0
2016-06-23,,6058.0,,,,163.0
2016-06-24,,4414.0,,,,162.2
2016-06-25,,16025.0,,,,162.0
2016-06-26,,11998.0,,,,162.4
2016-06-27,,7737.0,,,,162.0
2016-06-28,,7983.0,,,,161.2
2016-06-29,,14584.0,,,,163.3
2016-06-30,,1508.0,,,,161.2
2016-07-01,,14021.0,,,,
2016-07-02,,3322.0,,,,
2016-07-03,,2981.0,,,,
2016-07-04,,3714.0,,,,
2016-07-05,,3180.0,,,,
2016-07-06,,6356.0,,,,
2016-07-07,,4904.0,,,,
2016-07-08,,2450.0,,,,
2016-07-09,,6955.0,,,,
2016-07-10,,4357.0,,,,
2016-07-11,,6679.0,,,,
2016-07-12,,5852.0,,,,162.6
2016-07-13,,7253.0,,,,161.6
2016-07-14,,9653.0,,,,
2016-07-15,,8459.0,,,,
2016-07-16,,9269.0,,,,
2016-07-17,,9973.0,,,,
2016-07-18,,10870.0,,,,
2016-07-19,,9826.0,,,,161.6
2016-07-20,,12203.0,,,,
2016-07-21,,5284.0,,,,161.2
2016-07-22,,2127.0,,,,162.6
2016-07-23,,16174.0,,,,
2016-07-24,,1888.0,,,,
2016-07-25,,10536.0,,,,161.6
2016-07-26,,2763.0,,,,160.5
2016-07-27,,9846.0,,,,160.4
2016-07-28,,3088.0,,,,161.2
2016-07-29,,7928.0,,,,162.0
2016-07-30,,3754.0,,,,162.0
2016-07-31,,1300.0,,,,
2016-08-01,,5200.0,,,,162.0
2016-08-02,,3538.0,,,,162.1
2016-08-03,,7184.0,,,,162.5
2016-08-04,,2715.0,,,,
2016-08-05,,5351.0,,,,
2016-08-06,,5678.0,,,,
2016-08-07,,2127.0,,,,
2016-08-08,,8589.0,,,,
2016-08-09,,3451.0,,,,161.0
2016-08-10,,5508.0,,,,
2016-08-11,,3594.0,,,,
2016-08-12,,6965.0,,,,159.9
2016-08-13,,2144.0,,,,160.0
2016-08-14,,5343.0,,,,
2016-08-15,,8680.0,,,,161.6
2016-08-16,,17832.0,,,,
2016-08-17,,6041.0,,,,163.0
2016-08-18,,5401.0,,,,162.0
2016-08-19,,8052.0,,,,162.5
2016-08-20,,7694.0,,,,160.8
2016-08-21,,5366.0,,,,163.0
2016-08-22,,6398.0,,,,161.6
2016-08-23,,6198.0,,,,
2016-08-24,,8482.0,,,,161.6
2016-08-25,,7615.0,,,,161.8
2016-08-26,,7812.0,,,,162.6
2016-08-27,,7138.0,,,,162.6
2016-08-28,,7730.0,,,,162.6
2016-08-29,,11411.0,,,,161.8
2016-08-30,,9941.0,,,,161.6
2016-08-31,,9663.0,,,,160.6
2016-09-01,,6144.0,,,,162.0
2016-09-02,,7394.0,,,,162.0
2016-09-03,,9397.0,,,,
2016-09-04,,3769.0,,,,160.6
2016-09-05,,9960.0,,,,161.6
2016-09-06,,6217.0,,,,160.8
2016-09-07,,6737.0,,,,159.8
2016-09-08,,7788.0,,,,160.9
2016-09-09,,3763.0,,,,160.9
2016-09-10,,7856.0,,,,
2016-09-11,,2419.0,,,,163.0
2016-09-12,,8690.0,,,,161.0
2016-09-13,,8180.0,,,,163.0
2016-09-14,,5858.0,,,,163.0
2016-09-15,,5462.0,,,,161.0
2016-09-16,,7824.0,,,,
2016-09-17,,5423.0,,,,161.8
2016-09-18,,11587.0,,,,161.8
2016-09-19,,9400.0,,,,
2016-09-20,,3935.0,,,,
2016-09-21,,8353.0,,,,
2016-09-22,,4421.0,,,,162.0
2016-09-23,,9124.0,,,,164.0
2016-09-24,,6758.0,,,,165.0
2016-09-25,,3008.0,,,,164.0
2016-09-26,,7709.0,,,,162.5
2016-09-27,,8509.0,,,,
2016-09-28,,6977.0,,,,
2016-09-29,,6668.0,,,,161.8
2016-09-30,,14698.0,,,,162.0
2016-10-01,,14660.0,,,,
2016-10-02,,7131.0,,,,164.0
2016-10-03,,6185.0,,,,164.0
2016-10-04,,7442.0,,,,163.0
2016-10-05,,14170.0,,,,163.0
2016-10-06,,7660.0,,,,163.0
2016-10-07,,8798.0,,,,162.0
2016-10-08,,9603.0,,,,162.0
2016-10-09,,9031.0,,,,163.0
2016-10-10,,7813.0,,,,
2016-10-11,,10981.0,,,,
2016-10-12,,8016.0,,,,162.0
2016-10-13,,7415.0,,,,163.0
2016-10-14,,10425.0,,,,163.0
2016-10-15,,17537.0,,,,
2016-10-16,,6949.0,,,,163.0
2016-10-17,,8729.0,,,,164.0
2016-10-18,,9151.0,,,,
2016-10-19,,15652.0,,,,164.0
2016-10-20,,9811.0,,,,164.0
2016-10-21,,8964.0,,,,
2016-10-22,,7405.0,,,,164.0
2016-10-23,,7940.0,,,,
2016-10-24,,11230.0,,,,164.0
2016-10-25,,11667.0,,,,161.0
2016-10-26,,8437.0,,,,161.0
2016-10-27,,6219.0,,,,161.0
2016-10-28,,5491.0,,,,161.0
2016-10-29,,5122.0,,,,161.0
2016-10-30,,8471.0,,,,
2016-10-31,,10699.0,,,,160.0
2016-11-01,,19228.0,,,,
2016-11-02,,11451.0,,,,162.0
2016-11-03,,4926.0,,,,160.0
2016-11-04,,7011.0,,,,159.0
2016-11-05,,4214.0,,,,159.0
2016-11-06,,10508.0,,,,159.0
2016-11-07,,7331.0,,,,
2016-11-08,,7964.0,,,,
2016-11-09,,15273.0,,,,161.0
2016-11-10,,8109.0,,,,161.0
2016-11-11,,8362.0,,,,
2016-11-12,,5593.0,,,,160.0
2016-11-13,,3202.0,,,,
2016-11-14,,7828.0,,,,161.0
2016-11-15,,12310.0,,,,
2016-11-16,,11487.0,,,,163.0
2016-11-17,,14404.0,,,,
2016-11-18,,8008.0,,,,163.0
2016-11-19,,648.0,,,,163.0
2016-11-20,,2734.0,,,,159.0
2016-11-21,,10992.0,,,,158.0
2016-11-22,,11110.0,,,,
2016-11-23,,6432.0,,,,
2016-11-24,,2837.0,,,,
2016-11-25,,2534.0,,,,
2016-11-26,,5272.0,,,,
2016-11-27,,3067.0,,,,160.0
2016-11-28,,8128.0,,,,159.0
2016-11-29,,11280.0,,,,161.0
2016-11-30,,12654.0,,,,162.0
2016-12-01,,10959.0,,,,162.0
2016-12-02,,12891.0,,,,163.0
2016-12-03,,8515.0,,,,
2016-12-04,,4713.0,,,,162.0
2016-12-05,,13020.0,,,,162.0
2016-12-06,,12678.0,,,,163.0
2016-12-07,,14127.0,,,,163.0
2016-12-08,,10172.0,,,,163.0
2016-12-09,,15514.0,,,,161.0
2016-12-10,,12367.0,,,,161.0
2016-12-11,,5102.0,,,,161.0
2016-12-12,,10970.0,,,,163.0
2016-12-13,,11513.0,,,,163.5
2016-12-14,,10027.0,,,,162.5
2016-12-15,,12384.0,,,,161.5
2016-12-16,,10644.0,,,,161.3
2016-12-17,,11199.0,,,,
2016-12-18,,2434.0,,,,160.7
2016-12-19,,2041.0,,,,160.7
2016-12-20,,6105.0,,,,161.7
2016-12-21,,5029.0,,,,
2016-12-22,,2032.0,,,,162.0
2016-12-23,,1198.0,,,,
2016-12-24,,3693.0,,,,
2016-12-25,,7388.0,,,,
2016-12-26,,4799.0,,,,
2016-12-27,,2772.0,,,,
2016-12-28,,2439.0,,,,
2016-12-29,,13210.0,,,,
2016-12-30,,8570.0,,,,
2016-12-31,,7194.0,,,,
2017-01-01,,8613.0,,,,161.3
2017-01-02,,5518.0,,,,160.3
2017-01-03,,6081.0,,,,160.9
2017-01-04,,12582.0,,,,160.3
2017-01-05,10.57,10896.0,,,,159.8
2017-01-06,9.99,10362.0,,,,157.9
2017-01-07,10.44,9589.0,,,,162.1
2017-01-08,10.5,3517.0,,,,161.6
2017-01-09,10.65,10457.0,,,,160.0
2017-01-10,10.56,12232.0,,,,159.6
2017-01-11,,11971.0,,,,
2017-01-12,10.82,11614.0,,,,164.2
2017-01-13,10.31,17499.0,,,,162.5
2017-01-14,10.78,4748.0,,,,162.6
2017-01-15,10.54,3856.0,,,,161.7
2017-01-16,10.09,10359.0,,,,159.8
2017-01-17,10.9,8755.0,,,,162.1
2017-01-18,10.33,8635.0,,,,162.9
2017-01-19,10.45,13502.0,,,,162.1
2017-01-20,10.46,14830.0,,,,163.7
2017-01-21,10.57,7449.0,,,,164.2
2017-01-22,10.38,7890.0,,,,162.3
2017-01-23,10.48,8625.0,,,,161.4
2017-01-24,10.91,15316.0,,,,162.0
2017-01-25,10.85,12785.0,,,,160.3
2017-01-26,10.68,11738.0,,,,159.2
2017-01-27,10.62,10521.0,,,,158.6
2017-01-28,,5609.0,,,,
2017-01-29,,7236.0,,,,
2017-01-30,10.27,12308.0,,,,157.7
2017-01-31,10.85,12294.0,,,,159.7
2017-02-01,10.89,12474.0,,,,160.3
2017-02-02,10.74,14024.0,,,,162.3
2017-02-03,10.61,15610.0,,,,162.2
2017-02-04,10.84,12373.0,,,,160.7
2017-02-05,,727.0,,,,
2017-02-06,10.04,7655.0,,,,160.2
2017-02-07,10.59,4206.0,,,,159.0
2017-02-08,10.69,9504.0,,,,159.5
2017-02-09,10.54,9639.0,,,,158.4
2017-02-10,10.89,9598.0,,,,160.3
2017-02-11,10.88,9674.0,,,,161.5
2017-02-12,10.93,2827.0,,,,160.1
2017-02-13,10.32,8797.0,,,,160.4
2017-02-14,10.77,7950.0,,,,161.8
2017-02-15,10.43,9310.0,,,,161.4
2017-02-16,10.65,9504.0,,,,160.5
2017-02-17,,9081.0,,,,
2017-02-18,10.45,6864.0,,,,160.3
2017-02-19,10.63,2247.0,,,,159.8
2017-02-20,10.22,10638.0,,,,157.8
2017-02-21,11.19,7993.0,,,,158.5
2017-02-22,10.51,11512.0,,,,157.0
2017-02-23,10.51,12166.0,,,,158.5
2017-02-24,10.77,7316.0,,,,159.4
2017-02-25,10.43,13736.0,,,,159.1
2017-02-26,11.13,4799.0,,,,161.6
2017-02-27,10.71,14391.0,,,,161.2
2017-02-28,10.58,11750.0,,,,159.0
2017-03-01,10.45,8940.0,,,,159.9
2017-03-02,10.43,13008.0,,,,160.4
2017-03-03,10.74,7817.0,,,,161.0
2017-03-04,10.57,3273.0,,,,160.0
2017-03-05,,9583.0,,,,159.2
2017-03-06,10.87,4041.0,,,,159.6
2017-03-07,11.04,13973.0,,,,160.3
2017-03-08,10.25,725.0,,,,160.2
2017-03-09,10.21,8829.0,,,,158.3
2017-03-10,10.22,4036.0,,,,159.0
2017-03-11,10.42,4653.0,,,,159.0
2017-03-12,10.28,947.0,,,,158.9
2017-03-13,,4443.0,,,,157.3
2017-03-14,10.72,2655.0,,,,158.3
2017-03-15,10.72,4918.0,,,,158.0
2017-03-16,10.34,4305.0,,,,156.5
2017-03-17,10.69,3652.0,,,,156.9
2017-03-18,11.0,8538.0,,,,157.9
2017-03-19,10.7,2809.0,,,,157.8
2017-03-20,10.83,14083.0,,,,161.5
2017-03-21,11.04,13658.0,,,,162.1
2017-03-22,10.87,13152.0,,,,160.9
2017-03-23,10.46,10487.0,,,,160.0
2017-03-24,11.0,11716.0,,,,160.7
2017-03-25,,6381.0,,,,159.7
2017-03-26,10.6,3618.0,,,,157.3
2017-03-27,10.72,12852.0,,,,159.0
2017-03-28,10.66,14514.0,,,,160.3
2017-03-29,10.32,10795.0,,,,160.0
2017-03-30,10.36,12349.0,,,,160.0
2017-03-31,10.93,10936.0,,,,160.0
2017-04-01,10.45,14150.0,,,,159.3
2017-04-02,10.47,1593.0,,,,158.9
2017-04-03,10.03,14971.0,,,,158.3
2017-04-04,9.74,11750.0,,,,159.2
2017-04-05,10.32,10757.0,,,,160.3
2017-04-06,10.1,12309.0,,,,157.9
2017-04-07,10.39,13136.0,,,,158.1
2017-04-08,10.58,13701.0,,,,157.8
2017-04-09,10.66,7659.0,,,,159.1
2017-04-10,10.37,11586.0,,,,157.6
2017-04-11,10.56,16894.0,,,,158.6
2017-04-12,10.54,13414.0,,,,157.7
2017-04-13,10.51,8781.0,,,,157.9
2017-04-14,10.77,12101.0,,,,159.0
2017-04-15,10.49,6243.0,,,,159.8
2017-04-16,10.29,12187.0,,,,160.4
2017-04-17,10.12,11921.0,,,,159.1
2017-04-18,10.55,8394.0,,,,160.1
2017-04-19,,14493.0,,,,159.3
2017-04-20,10.63,8963.0,,,,158.7
2017-04-21,10.5,16251.0,,,,157.3
2017-04-22,10.77,10303.0,,,,158.2
2017-04-23,11.22,3033.0,,,,157.0
2017-04-24,10.28,10592.0,,,,157.6
2017-04-25,10.93,9840.0,,,,158.6
2017-04-26,10.96,12842.0,,,,159.5
2017-04-27,10.65,8999.0,,,,159.0
2017-04-28,11.2,13648.0,,,,158.7
2017-04-29,10.35,8354.0,,,,158.8
2017-04-30,10.49,6369.0,,,,158.5
2017-05-01,10.4,11652.0,,,,158.6
2017-05-02,10.27,9364.0,,,,158.5
2017-05-03,10.85,13505.0,,,,159.7
2017-05-04,10.45,10730.0,,,,158.8
2017-05-05,11.21,13372.0,,,,161.1
2017-05-06,10.97,14424.0,,,,159.2
2017-05-07,10.66,4207.0,,,,159.9
2017-05-08,10.6,10709.0,,,,158.9
2017-05-09,10.99,10606.0,,,,159.1
2017-05-10,10.76,12192.0,,,,157.5
2017-05-11,11.1,11726.0,,,,158.9
2017-05-12,10.76,9803.0,,,,157.6
2017-05-13,,31.0,,,,
2017-05-14,10.45,6578.0,,,,158.9
2017-05-15,10.21,12869.0,,,,156.3
2017-05-16,,9780.0,,,,159.5
2017-05-17,10.46,13737.0,,,,158.1
2017-05-18,10.17,14673.0,,,,157.4
2017-05-19,9.88,9731.0,,,,158.1
2017-05-20,,13702.0,,,,
2017-05-21,10.52,3864.0,,,,157.2
2017-05-22,10.2,7657.0,,,,156.7
2017-05-23,10.63,8290.0,,,,159.5
2017-05-24,10.86,8482.0,,,,158.5
2017-05-25,10.0,15328.0,,,,158.3
2017-05-26,10.62,6690.0,,,,157.9
2017-05-27,10.77,4938.0,,,,155.1
2017-05-28,10.24,6664.0,,,,156.9
2017-05-29,10.76,6871.0,,,,158.8
2017-05-30,10.1,8719.0,,,,159.3
2017-05-31,10.56,14018.0,,,,160.3
2017-06-01,,15024.0,,,,159.4
2017-06-02,10.71,18933.0,,,,160.4
2017-06-03,10.96,5888.0,,,,160.0
2017-06-04,10.44,2241.0,,,,156.9
2017-06-05,10.44,19425.0,,,,157.3
2017-06-06,10.68,1317.0,,,,161.0
2017-06-07,,0.0,,,,
2017-06-08,,10817.0,,,,162.4
2017-06-09,10.0,8347.0,,,,158.0
2017-06-10,10.57,8533.0,,,,158.4
2017-06-11,10.67,7443.0,,,,159.2
2017-06-12,10.42,11502.0,,,,158.7
2017-06-13,10.24,1805.0,,,,155.5
2017-06-14,10.63,7818.0,,,,157.2
2017-06-15,,3880.0,,,,
2017-06-16,,6321.0,,,,
2017-06-17,,10175.0,,,,
2017-06-18,,1144.0,,,,
2017-06-19,,6831.0,,,,
2017-06-20,10.77,10178.0,,,,159.1
2017-06-21,,5443.0,,,,158.6
2017-06-22,10.7,4950.0,,,,157.7
2017-06-23,10.56,8743.0,,,,158.9
2017-06-24,10.25,9944.0,,,,158.0
2017-06-25,10.38,3647.0,,,,158.6
2017-06-26,,11604.0,,,,
2017-06-27,,11399.0,,,,
2017-06-28,,8706.0,,,,
2017-06-29,10.67,5245.0,,,,159.1
2017-06-30,10.48,1243.0,,,,159.7
2017-07-01,,9041.0,,,,159.0
2017-07-02,,4782.0,,,,159.0
2017-07-03,,12985.0,,,,159.0
2017-07-04,,8581.0,,,,158.4
2017-07-05,,8761.0,,,,
2017-07-06,,7355.0,,,,161.0
2017-07-07,,1218.0,,,,161.0
2017-07-08,,12292.0,,,,
2017-07-09,,5554.0,,,,159.0
2017-07-10,,2485.0,,,,
2017-07-11,,2870.0,,,,158.0
2017-07-12,,2496.0,,,,
2017-07-13,,8440.0,,,,156.9
2017-07-14,,1087.0,,,,
2017-07-15,,6339.0,,,,159.0
2017-07-16,,5834.0,,,,158.0
2017-07-17,,6899.0,,,,
2017-07-18,,14466.0,,,,159.0
2017-07-19,,13466.0,,,,
2017-07-20,,8355.0,,,,
2017-07-21,,12049.0,,,,
2017-07-22,,5581.0,,,,
2017-07-23,,24560.0,,,,
2017-07-24,,20931.0,,,,
2017-07-25,,10418.0,,,,
2017-07-26,,10098.0,,,,
2017-07-27,9.84,4275.0,,,,157.9
2017-07-28,10.96,6632.0,,,,156.0
2017-07-29,10.31,8315.0,,,,156.8
2017-07-30,10.72,18.0,,,,158.5
2017-07-31,,1691.0,,,,
2017-08-01,10.05,2684.0,,,,155.8
2017-08-02,,2323.0,,,,
2017-08-03,,2969.0,,,,158.0
2017-08-04,,13237.0,,,,
2017-08-05,,1973.0,,,,160.5
2017-08-06,,7206.0,,,,
2017-08-07,,7355.0,,,,
2017-08-08,10.88,4561.0,,,,157.6
2017-08-09,10.6,4608.0,,,,158.9
2017-08-10,10.17,9180.0,,,,157.4
2017-08-11,10.18,13300.0,,,,158.7
2017-08-12,11.08,3532.0,,,,156.1
2017-08-13,,597.0,,,,
2017-08-14,9.95,16807.0,,,,158.4
2017-08-15,10.34,11233.0,,,,158.4
2017-08-16,9.8,2781.0,,,,157.4
2017-08-17,9.23,5771.0,,,,155.0
2017-08-18,10.2,6048.0,,,,158.4
2017-08-19,10.32,8924.0,,,,160.2
2017-08-20,10.27,5855.0,,,,158.2
2017-08-21,10.66,13025.0,,,,157.2
2017-08-22,10.2,12963.0,,,,157.6
2017-08-23,10.52,18824.0,,,,159.7
2017-08-24,10.29,9475.0,,,,160.0
2017-08-25,9.64,9315.0,,,,159.8
2017-08-26,9.78,10301.0,,,,154.1
2017-08-27,11.1,10401.0,,,,156.9
2017-08-28,10.29,11638.0,,,,157.3
2017-08-29,10.23,8527.0,,,,157.1
2017-08-30,10.4,13196.0,,,,157.9
2017-08-31,10.5,11878.0,,,,158.3
2017-09-01,10.39,9797.0,,,,157.5
2017-09-02,10.68,8042.0,,,,159.4
2017-09-03,10.19,8650.0,,,,155.1
2017-09-04,10.58,7762.0,,,,160.2
2017-09-05,10.14,7584.0,,,,157.7
2017-09-06,10.42,7031.0,,,,158.0
2017-09-07,10.67,6509.0,,,,160.2
2017-09-08,10.36,23922.0,,,,158.5
2017-09-09,10.47,3550.0,,,,158.6
2017-09-10,10.35,3506.0,,,,157.4
2017-09-11,9.92,4780.0,,,,159.1
2017-09-12,10.09,15777.0,,,,159.1
2017-09-13,10.28,12579.0,,,,157.2
2017-09-14,10.69,7250.0,,,,157.6
2017-09-15,10.44,12338.0,,,,156.5
2017-09-16,10.4,4061.0,,,,157.2
2017-09-17,9.51,6762.0,,,,153.6
2017-09-18,10.43,10326.0,,,,157.7
2017-09-19,10.45,26857.0,,,,158.6
2017-09-20,10.23,6344.0,,,,157.5
2017-09-21,10.79,6539.0,,,,161.1
2017-09-22,10.5,9144.0,,,,156.9
2017-09-23,9.49,6101.0,,,,156.1
2017-09-24,9.35,5419.0,,,,154.2
2017-09-25,9.9,6858.0,,,,157.8
2017-09-26,9.93,6673.0,,,,157.6
2017-09-27,10.94,8092.0,,,,158.0
2017-09-28,10.02,5101.0,,,,157.1
2017-09-29,11.01,7801.0,,,,157.0
2017-09-30,10.24,5552.0,,,,155.3
2017-10-01,9.85,17359.0,,,,155.8
2017-10-02,10.68,9093.0,,,,159.1
2017-10-03,10.82,4081.0,,,,160.2
2017-10-04,10.29,8440.0,,,,157.4
2017-10-05,10.51,8409.0,,,,159.4
2017-10-06,10.16,11466.0,,,,157.4
2017-10-07,9.76,7164.0,,,,155.8
2017-10-08,10.19,12162.0,,,,156.1
2017-10-09,10.08,6921.0,,,,157.4
2017-10-10,10.53,4546.0,,,,159.4
2017-10-11,10.33,5682.0,,,,157.3
2017-10-12,10.4,6149.0,,,,157.2
2017-10-13,10.49,12301.0,,,,157.2
2017-10-14,10.15,8994.0,,,,157.7
2017-10-15,10.42,12053.0,,,,158.1
2017-10-16,10.06,9602.0,,,,158.5
2017-10-17,10.61,13161.0,,,,158.5
2017-10-18,10.6,4514.0,,,,157.9
2017-10-19,10.41,9006.0,,,,158.4
2017-10-20,10.19,7453.0,,,,157.1
2017-10-21,10.16,6650.0,,,,157.2
2017-10-22,,2114.0,,,,
2017-10-23,9.87,16753.0,,,,159.3
2017-10-24,10.02,6699.0,,,,158.4
2017-10-25,9.91,3771.0,,,,158.7
2017-10-26,10.37,4151.0,,,,159.0
2017-10-27,10.42,8571.0,,,,157.4
2017-10-28,10.27,7653.0,,,,158.0
2017-10-29,9.83,3969.0,,,,158.0
2017-10-30,9.98,6985.0,,,,159.3
2017-10-31,10.55,3927.0,,,,160.3
2017-11-01,9.38,6377.0,,,,158.7
2017-11-02,10.13,4315.0,,,,158.6
2017-11-03,10.3,9209.0,,,,159.4
2017-11-04,10.5,2517.0,,,,157.9
2017-11-05,10.33,13642.0,,,,158.1
2017-11-06,10.31,7762.0,,,,161.0
2017-11-07,10.58,5955.0,,,,162.3
2017-11-08,10.77,8174.0,,,,162.1
2017-11-09,10.39,7547.0,,,,160.2
2017-11-10,10.18,14955.0,,,,160.0
2017-11-11,10.74,3070.0,,,,159.9
2017-11-12,10.5,5609.0,,,,161.0
2017-11-13,10.77,10292.0,,,,162.1
2017-11-14,10.68,10077.0,,,,159.6
2017-11-15,10.98,10282.0,,,,160.8
2017-11-16,10.48,13669.0,,,,157.4
2017-11-17,,7055.0,,,,
2017-11-18,10.73,961.0,,,,158.3
2017-11-19,,6051.0,,,,
2017-11-20,,12366.0,,,,
2017-11-21,,6140.0,,,,
2017-11-22,,3540.0,,,,
2017-11-23,,1832.0,,,,
2017-11-24,,3899.0,,,,
2017-11-25,,3090.0,,,,
2017-11-26,10.88,5193.0,,,,158.1
2017-11-27,10.76,16060.0,,,,158.8
2017-11-28,10.56,15418.0,,,,157.5
2017-11-29,10.45,10001.0,,,,159.6
2017-11-30,10.64,12024.0,,,,161.4
2017-12-01,10.61,9969.0,,,,160.4
2017-12-02,10.67,10045.0,,,,160.5
2017-12-03,10.78,6531.0,,,,161.3
2017-12-04,10.55,13815.0,,,,159.3
2017-12-05,10.96,15205.0,,,,162.5
2017-12-06,10.87,8027.0,,,,161.1
2017-12-07,11.23,13992.0,,,,163.8
2017-12-08,10.74,11148.0,,,,163.2
2017-12-09,10.91,3715.0,,,,160.9
2017-12-10,10.72,3197.0,,,,160.9
2017-12-11,10.99,13159.0,,,,162.1
2017-12-12,10.48,8654.0,,,,159.9
2017-12-13,,9413.0,,,,
2017-12-14,11.16,15866.0,,,,162.4
2017-12-15,11.35,14621.0,,,,160.2
2017-12-16,11.19,11459.0,,,,160.0
2017-12-17,10.46,13306.0,,,,158.9
2017-12-18,10.77,12588.0,,,,161.6
2017-12-19,11.35,12067.0,,,,162.6
2017-12-20,,17544.0,,,,
2017-12-21,11.71,5456.0,,,,162.0
2017-12-22,,2098.0,,,,
2017-12-23,,1531.0,,,,
2017-12-24,,1834.0,,,,
2017-12-25,,3293.0,,,,
2017-12-26,,12057.0,,,,
2017-12-27,,15833.0,,,,
2017-12-28,,330.0,,,,
2017-12-29,,20603.0,,,,
2017-12-30,,7655.0,,,,
2017-12-31,,17997.0,,,,
2018-01-01,,4459.0,,,,
2018-01-02,11.05,11255.0,,,,160.4
2018-01-03,11.27,9503.0,,,,160.2
2018-01-04,11.3,13846.0,,,,158.7
2018-01-05,10.52,1316.0,,,,158.5
2018-01-06,10.92,6248.0,,,,160.3
2018-01-07,11.39,6842.0,,,,162.2
2018-01-08,10.92,12210.0,,,,160.6
2018-01-09,11.41,12603.0,,,,164.6
2018-01-10,11.0,8597.0,,,,162.1
2018-01-11,10.86,12320.0,,,,161.6
2018-01-12,11.17,12841.0,,,,161.3
2018-01-13,11.18,10666.0,,,,160.3
2018-01-14,10.9,2524.0,,,,163.9
2018-01-15,10.56,8700.0,,,,159.1
2018-01-16,10.93,10984.0,,,,157.9
2018-01-17,11.1,7830.0,,,,158.5
2018-01-18,10.54,12402.0,,,,157.7
2018-01-19,10.65,14165.0,,,,159.6
2018-01-20,10.61,3390.0,,,,160.0
2018-01-21,11.25,10141.0,,,,157.3
2018-01-22,,14649.0,,,,
2018-01-23,10.72,9547.0,,,,160.2
2018-01-24,,8581.0,,,,
2018-01-25,10.81,9763.0,,,,157.5
2018-01-26,11.12,12270.0,,,,157.9
2018-01-27,,7932.0,,,,
2018-01-28,,7785.0,,,,
2018-01-29,10.51,6679.0,,,,156.3
2018-01-30,10.75,12171.0,,,,157.5
2018-01-31,,8065.0,,,,
2018-02-01,,14641.0,,,,
2018-02-02,,13253.0,,,,
2018-02-03,,2704.0,,,,
2018-02-04,,1438.0,,,,
2018-02-05,,15106.0,,,,
2018-02-06,9.96,1553.0,,,,156.2
2018-02-07,10.33,12863.0,,,,157.3
2018-02-08,10.35,10549.0,,,,157.8
2018-02-09,10.41,11831.0,,,,157.9
2018-02-10,10.19,7160.0,,,,156.8
2018-02-11,9.78,15390.0,,,,158.3
2018-02-12,,10946.0,,,,
2018-02-13,10.13,12667.0,,,,159.7
2018-02-14,10.05,12272.0,,,,157.0
2018-02-15,10.58,13875.0,,,,160.0
2018-02-16,10.17,5713.0,,,,158.2
2018-02-17,10.76,7026.0,,,,159.8
2018-02-18,10.81,1912.0,,,,162.2
2018-02-19,10.41,5500.0,,,,157.3
2018-02-20,10.56,12100.0,,,,159.1
2018-02-21,10.62,11670.0,,,,158.2
2018-02-22,,13751.0,,,,
2018-02-23,10.44,15225.0,,,,158.2
2018-02-24,10.02,6012.0,,,,157.7
2018-02-25,10.01,10380.0,,,,157.5
2018-02-26,10.18,12276.0,,,,158.8
2018-02-27,10.5,9928.0,,,,158.7
2018-02-28,10.69,8256.0,,,,160.6
2018-03-01,10.19,10361.0,,,,158.6
2018-03-02,9.9,5172.0,,,,155.7
2018-03-03,10.33,6669.0,,,,156.8
2018-03-04,10.28,9797.0,,,,156.6
2018-03-05,11.13,2935.0,,,,157.7
2018-03-06,,21102.0,,,,
2018-03-07,,15349.0,,,,
2018-03-08,,17375.0,,,,
2018-03-09,,21287.0,,,,
2018-03-10,,15973.0,,,,
2018-03-11,,10178.0,,,,
2018-03-12,,16790.0,,,,
2018-03-13,,6785.0,,,,
2018-03-14,,18029.0,,,,
2018-03-15,,5854.0,,,,
2018-03-16,,11223.0,,,,
2018-03-17,,12910.0,,,,
2018-03-18,,2332.0,,,,
2018-03-19,10.45,11736.0,,,,159.7
2018-03-20,,8837.0,,,,158.0
2018-03-21,10.54,5389.0,,,,157.3
2018-03-22,10.57,11205.0,,,,157.2
2018-03-23,,9584.0,,,,
2018-03-24,10.48,7225.0,,,,157.8
2018-03-25,10.65,12973.0,,,,155.9
2018-03-26,10.18,12406.0,,,,158.5
2018-03-27,10.43,12349.0,,,,157.4
2018-03-28,10.48,6641.0,,,,158.8
2018-03-29,10.18,15199.0,,,,157.7
2018-03-30,10.52,15090.0,,,,158.4
2018-03-31,10.27,889.0,,,,156.4
2018-04-01,10.3,4025.0,,,,156.5
2018-04-02,10.17,12327.0,,,,155.7
2018-04-03,,10253.0,,,,
2018-04-04,4.22,8670.0,,,,160.5
2018-04-05,3.88,12442.0,,,,157.4
2018-04-06,3.81,17002.0,,,,160.2
2018-04-07,,7387.0,,,,
2018-04-08,,14693.0,,,,
2018-04-09,3.96,12044.0,,,,159.7
2018-04-10,4.51,10660.0,,,,156.9
2018-04-11,3.69,9143.0,,,,156.7
2018-04-12,3.63,13318.0,,,,157.5
2018-04-13,4.22,11391.0,,,,158.1
2018-04-14,4.03,7081.0,,,,158.0
2018-04-15,4.29,7310.0,,,,158.7
2018-04-16,3.38,10111.0,,,,156.0
2018-04-17,4.26,14125.0,,,,158.4
2018-04-18,4.14,9441.0,,,,157.0
2018-04-19,3.28,12564.0,,,,156.8
2018-04-20,3.95,12956.0,,,,157.9
2018-04-21,4.2,3776.0,,,,158.7
2018-04-22,,14418.0,,,,158.7
2018-04-23,2.99,13771.0,,,,157.0
2018-04-24,3.24,9614.0,,,,159.7
2018-04-25,3.71,10435.0,,,,160.3
2018-04-26,2.99,12007.0,,,,160.0
2018-04-27,,11022.0,,,,160.7
2018-04-28,4.79,12967.0,,,,159.3
2018-04-29,,5067.0,,,,
2018-04-30,4.07,9166.0,,,,159.8
2018-05-01,,12000.0,,,,
2018-05-02,,7595.0,,,,
2018-05-03,3.47,14612.0,,,,155.7
2018-05-04,3.89,13456.0,,,,156.9
2018-05-05,3.81,4180.0,,,,157.8
2018-05-06,3.73,11222.0,,,,157.9
2018-05-07,3.04,10626.0,,,,156.2
2018-05-08,3.8,15471.0,,,,158.2
2018-05-09,4.19,15237.0,,,,158.0
2018-05-10,3.33,10850.0,,,,157.6
2018-05-11,3.75,8487.0,,,,158.9
2018-05-12,,11350.0,,,,
2018-05-13,3.0,10549.0,,,,163.2
2018-05-14,,0.0,,,,
2018-05-15,2.99,13219.0,,,,161.4
2018-05-16,2.99,10325.0,,,,159.8
2018-05-17,3.93,9934.0,,,,157.7
2018-05-18,4.65,7447.0,,,,158.0
2018-05-19,,12624.0,,,,
2018-05-20,3.6,3670.0,,,,157.0
2018-05-21,4.5,9737.0,,,,160.4
2018-05-22,4.66,8417.0,,,,157.0
2018-05-23,3.89,6656.0,,,,157.7
2018-05-24,4.13,3493.0,,,,158.6
2018-05-25,4.81,6631.0,,,,158.9
2018-05-26,3.95,7842.0,,,,156.9
2018-05-27,3.93,9149.0,,,,158.3
2018-05-28,3.99,15231.0,,,,161.5
2018-05-29,3.99,13755.0,,,,160.0
2018-05-30,2.99,5776.0,,,,158.5
2018-05-31,3.79,6397.0,,,,157.1
2018-06-01,,8769.0,,,,
2018-06-02,,5732.0,,,,
2018-06-03,,3472.0,,,,
2018-06-04,,7588.0,,,,
2018-06-05,,9240.0,,,,
2018-06-06,,7657.0,,,,
2018-06-07,,8077.0,,,,
2018-06-08,3.38,11786.0,,,,158.4
2018-06-09,4.08,5245.0,,,,158.8
2018-06-10,3.47,7788.0,,,,158.4
2018-06-11,3.84,6579.0,,,,158.3
2018-06-12,3.91,7677.0,,,,158.9
2018-06-13,3.97,1783.0,,,,159.8
2018-06-14,4.55,10088.0,,,,156.7
2018-06-15,3.78,3619.0,,,,159.8
2018-06-16,3.25,24249.0,,,,158.2
2018-06-17,2.99,6589.0,,,,159.2
2018-06-18,3.36,6255.0,,,,160.2
2018-06-19,3.59,3228.0,,,,157.1
2018-06-20,2.99,10503.0,,,,157.1
2018-06-21,,938.0,,,,159.4
2018-06-22,3.74,8229.0,,,,159.1
2018-06-23,,7632.0,,,,
2018-06-24,3.66,1767.0,,,,157.2
2018-06-25,3.85,14883.0,,,,159.8
2018-06-26,3.8,6334.0,,,,158.8
2018-06-27,,1388.0,,,,
2018-06-28,3.37,4136.0,,,,158.9
2018-06-29,2.99,6699.0,,,,157.1
2018-06-30,4.17,6263.0,,,,157.5
2018-07-01,4.22,14685.0,,,,159.2
2018-07-02,3.83,9426.0,,,,157.3
2018-07-03,4.31,1547.0,,,,157.1
2018-07-04,3.72,17003.0,,,,158.3
2018-07-05,3.88,17401.0,,,,158.4
2018-07-06,3.57,3157.0,,,,158.9
2018-07-07,2.99,21313.0,,,,159.3
2018-07-08,3.32,14581.0,,,,160.2
2018-07-09,3.2,9645.0,,,,159.9
2018-07-10,3.52,3098.0,,,,159.8
2018-07-11,3.6,8707.0,,,,157.5
2018-07-12,3.69,1235.0,,,,156.5
2018-07-13,4.12,3968.0,,,,157.3
2018-07-14,,113.0,,,,159.9
2018-07-15,3.31,3367.0,,,,157.0
2018-07-16,3.26,22552.0,,,,159.8
2018-07-17,4.45,301.0,,,,158.2
2018-07-18,,1524.0,,,,
2018-07-19,2.99,8615.0,,,,157.8
2018-07-20,3.0,12077.0,,,,157.5
2018-07-21,3.06,829.0,,,,157.3
2018-07-22,3.55,590.0,,,,158.6
2018-07-23,,16335.0,,,,158.3
2018-07-24,3.56,2339.0,,,,159.2
2018-07-25,4.4,4039.0,,,,158.2
2018-07-26,3.83,7258.0,,,,158.4
2018-07-27,,6578.0,,,,
2018-07-28,,1362.0,,,,
2018-07-29,,11409.0,,,,
2018-07-30,,1780.0,,,,
2018-07-31,,2635.0,,,,
2018-08-01,,2791.0,,,,
2018-08-02,,5850.0,,,,
2018-08-03,,1069.0,,,,
2018-08-04,,1725.0,,,,
2018-08-05,,1042.0,868.0,,,
2018-08-06,,1939.0,,,,
2018-08-07,,2862.0,,,,
2018-08-08,,6276.0,,,,
2018-08-09,3.83,2131.0,,,,157.6
2018-08-10,,10139.0,,,,
2018-08-11,4.09,8424.0,,,,157.0
2018-08-12,,8011.0,,,,
2018-08-13,3.84,2614.0,,,,157.9
2018-08-14,4.03,509.0,,,,157.5
2018-08-15,,1798.0,,,,157.3
2018-08-16,2.99,3581.0,,,,155.8
2018-08-17,,11665.0,,,,
2018-08-18,3.22,17519.0,,,,158.1
2018-08-19,4.58,11350.0,,,,157.4
2018-08-20,3.49,2941.0,,,,157.4
2018-08-21,3.49,13264.0,,,,156.6
2018-08-22,,3765.0,,,,
2018-08-23,4.14,3307.0,,,,158.6
2018-08-24,,5285.0,,,,
2018-08-25,3.7,14986.0,,,,157.4
2018-08-26,3.67,2341.0,,,,156.0
2018-08-27,3.73,8636.0,,,,157.9
2018-08-28,,2551.0,,,,
2018-08-29,4.42,4071.0,,,,159.0
2018-08-30,4.46,9868.0,,,,155.7
2018-08-31,,22047.0,,,,
2018-09-01,,7160.0,,,,
2018-09-02,2.99,7758.0,,,,156.8
2018-09-03,3.77,353.0,,,,154.8
2018-09-04,4.74,3070.0,,,,155.0
2018-09-05,4.36,3735.0,,,,156.8
2018-09-06,,4138.0,,,,158.6
2018-09-07,,8051.0,,,,158.5
2018-09-08,4.38,8269.0,,,,156.5
2018-09-09,4.24,5718.0,,,,157.0
2018-09-10,3.48,2544.0,,,,155.9
2018-09-11,3.63,6312.0,,,,157.3
2018-09-12,3.47,3743.0,,,,158.1
2018-09-13,3.99,3368.0,,,,157.3
2018-09-14,4.13,5002.0,,,,156.3
2018-09-15,3.99,1494.0,,,,159.2
2018-09-16,,21192.0,,,,
2018-09-17,3.04,4026.0,,,,157.4
2018-09-18,3.14,10729.0,,,,157.1
2018-09-19,4.19,4084.0,,,,156.4
2018-09-20,4.36,2509.0,,,,157.7
2018-09-21,3.12,15042.0,,,,155.6
2018-09-22,3.73,13020.0,,,,157.2
2018-09-23,2.99,7423.0,,,,155.5
2018-09-24,3.0,11807.0,,,,156.8
2018-09-25,3.55,4263.0,,,,156.4
2018-09-26,4.23,5087.0,,,,156.2
2018-09-27,4.52,2871.0,,,,156.1
2018-09-28,4.76,6083.0,,,,156.2
2018-09-29,,13949.0,,,,
2018-09-30,4.05,4366.0,,,,155.5
2018-10-01,4.04,3423.0,,,,157.7
2018-10-02,3.09,2307.0,,,,159.6
2018-10-03,3.84,2817.0,,,,156.8
2018-10-04,,6299.0,,,,157.7
2018-10-05,4.28,11231.0,,,,158.7
2018-10-06,4.53,6181.0,,,,157.3
2018-10-07,4.29,5265.0,,,,155.8
2018-10-08,3.39,4909.0,,,,158.1
2018-10-09,4.02,2736.0,,,,157.9
2018-10-10,4.01,3758.0,,,,157.2
2018-10-11,4.15,2255.0,,,,157.9
2018-10-12,,11980.0,,,,
2018-10-13,,13843.0,,,,
2018-10-14,3.81,252.0,,,,159.7
2018-10-15,4.72,5485.0,,,,158.4
2018-10-16,5.1,3931.0,,,,158.3
2018-10-17,5.07,4199.0,,,,160.3
2018-10-18,4.32,7777.0,,,,157.7
2018-10-19,3.81,11874.0,,,,158.5
2018-10-20,4.22,3010.0,,,,157.8
2018-10-21,4.8,2052.0,,,,159.5
2018-10-22,3.52,4135.0,,,,159.1
2018-10-23,2.99,4612.0,,,,162.3
2018-10-24,3.79,6655.0,,,,160.1
2018-10-25,4.13,6888.0,,,,156.8
2018-10-26,4.19,4969.0,,,,155.7
2018-10-27,,6337.0,,,,
2018-10-28,,7711.0,,,,
2018-10-29,,8127.0,,,,
2018-10-30,4.31,4730.0,,,,157.4
2018-10-31,4.55,9029.0,,,,155.4
2018-11-01,4.1,5990.0,,,,153.7
2018-11-02,4.42,2585.0,,,,156.5
2018-11-03,3.68,9796.0,,,,153.4
2018-11-04,4.53,841.0,,,,154.1
2018-11-05,3.99,3009.0,,,,159.6
2018-11-06,3.77,2604.0,,,,158.6
2018-11-07,3.46,4053.0,,,,157.9
2018-11-08,,4252.0,,,,
2018-11-09,3.93,4031.0,,,,156.1
2018-11-10,4.47,7927.0,,,,155.5
2018-11-11,3.23,536.0,,,,155.2
2018-11-12,3.77,4417.0,,,,156.1
2018-11-13,3.86,3684.0,,,,157.2
2018-11-14,,7141.0,,,,156.7
2018-11-15,4.33,10942.0,,,,157.2
2018-11-16,,22822.0,,,,
2018-11-17,3.57,288.0,,,,153.3
2018-11-18,,5554.0,,,,
2018-11-19,2.99,5984.0,,,,154.9
2018-11-20,,2139.0,,,,
2018-11-21,,395.0,,,,
2018-11-22,,4876.0,,,,
2018-11-23,3.69,747.0,,,,156.5
2018-11-24,3.0,4433.0,,,,156.8
2018-11-25,3.28,4285.0,,,,155.3
2018-11-26,3.64,3711.0,,,,158.7
2018-11-27,3.76,14453.0,,,,157.3
2018-11-28,4.01,10815.0,,,,156.8
2018-11-29,3.53,15383.0,,,,154.3
2018-11-30,3.79,7432.0,,,,156.0
2018-12-01,4.64,8206.0,,,,158.8
2018-12-02,3.7,754.0,,,,157.5
2018-12-03,4.0,3606.0,,,,158.7
2018-12-04,4.43,7669.0,,,,156.7
2018-12-05,4.35,4273.0,,,,155.4
2018-12-06,4.24,4600.0,,,,156.1
2018-12-07,3.78,4400.0,,,,153.5
2018-12-08,3.37,8429.0,,,,153.0
2018-12-09,3.1,7253.0,,,,154.3
2018-12-10,3.81,2951.0,,,,156.2
2018-12-11,3.52,3934.0,,,,155.3
2018-12-12,3.56,7886.0,,,,155.6
2018-12-13,3.43,3395.0,,,,157.0
2018-12-14,3.12,4620.0,,,,156.9
2018-12-15,,1628.0,,,,
2018-12-16,4.49,934.0,,,,154.3
2018-12-17,3.36,7241.0,,,,155.3
2018-12-18,2.86,3374.0,,,,154.3
2018-12-19,2.82,8516.0,,,,156.5
2018-12-20,2.86,6034.0,,,,154.3
2018-12-21,2.9,2216.0,,,,152.1
2018-12-22,2.9,5425.0,,,,152.1
2018-12-23,2.82,10123.0,,,,156.5
2018-12-24,,5236.0,,,,
2018-12-25,,6853.0,,,,
2018-12-26,,936.0,,,,
2018-12-27,,16015.0,,,,
2018-12-28,,9344.0,,,,
2018-12-29,,11590.0,,,,
2018-12-30,,903.0,,,,
2018-12-31,,17618.0,,,,
2019-01-01,,9240.0,,,,
2019-01-02,3.54,1791.0,,,,155.0
2019-01-03,3.88,9244.0,,,,153.3
2019-01-04,,8800.0,,,,
2019-01-05,3.8,6050.0,,,,153.3
2019-01-06,3.49,4555.0,,,,152.8
2019-01-07,3.74,3567.0,,,,155.8
2019-01-08,3.28,3208.0,,,,156.5
2019-01-09,2.99,4353.0,,,,153.5
2019-01-10,3.7,2890.0,,,,153.1
2019-01-11,3.0,2843.0,,,,152.9
2019-01-12,5.38,10521.0,,,,153.8
2019-01-13,3.27,12547.0,,,,153.1
2019-01-14,3.74,2575.0,,,,154.5
2019-01-15,3.8,4101.0,,,,155.3
2019-01-16,3.22,5037.0,,,,154.8
2019-01-17,3.39,3038.0,,,,154.2
2019-01-18,3.06,3830.0,,,,153.6
2019-01-19,3.34,2523.0,,,,154.5
2019-01-20,3.09,4739.0,,,,155.5
2019-01-21,3.0,1743.0,,,,156.6
2019-01-22,3.06,4139.0,,,,156.8
2019-01-23,2.99,8389.0,,,,157.8
2019-01-24,3.0,3794.0,,,,158.1
2019-01-25,2.99,5284.0,,,,156.5
2019-01-26,3.0,2924.0,,,,155.3
2019-01-27,3.0,136.0,,,,155.3
2019-01-28,3.0,5242.0,,,,157.5
2019-01-29,3.43,3241.0,,,,157.9
2019-01-30,2.99,4550.0,,,,156.9
2019-01-31,3.0,7256.0,,,,153.6
2019-02-01,2.99,3030.0,,,,154.3
2019-02-02,2.99,9180.0,,,,154.1
2019-02-03,2.99,14347.0,,,,154.1
2019-02-04,2.99,3347.0,,,,154.1
2019-02-05,3.06,2877.0,,,,155.4
2019-02-06,,434.0,,,,
2019-02-07,3.81,4434.0,,,,153.5
2019-02-08,3.34,3154.0,,,,152.5
2019-02-09,2.99,1753.0,,,,151.4
2019-02-10,2.99,78.0,,,,152.6
2019-02-11,2.99,3557.0,,,,153.4
2019-02-12,2.99,3531.0,,,,153.9
2019-02-13,3.0,8690.0,,,,153.6
2019-02-14,2.99,2753.0,,,,155.5
2019-02-15,2.99,11501.0,,,,155.4
2019-02-16,2.99,3895.0,,,,156.3
2019-02-17,3.0,996.0,,,,154.3
2019-02-18,,2775.0,,,,
2019-02-19,2.99,3501.0,,,,154.2
2019-02-20,2.99,3641.0,,,,156.1
2019-02-21,3.58,3492.0,,,,156.5
2019-02-22,2.99,2732.0,,,,155.8
2019-02-23,2.99,1942.0,,,,154.9
2019-02-24,2.99,11848.0,,,,152.5
2019-02-25,3.06,7289.0,,,,154.7
2019-02-26,3.19,3087.0,,,,155.5
2019-02-27,3.22,4264.0,,,,155.2
2019-02-28,3.05,9947.0,,,,156.2
2019-03-01,3.5,7123.0,870.0,,,155.2
2019-03-02,,871.0,,,,
2019-03-03,3.49,742.0,,,,154.7
2019-03-04,3.37,3066.0,,,,153.8
2019-03-05,4.11,3988.0,,,,152.4
2019-03-06,3.56,3380.0,,,,151.9
2019-03-07,3.33,10107.0,,,,151.8
2019-03-08,3.49,12836.0,,,,152.3
2019-03-09,2.99,12737.0,,,,151.8
2019-03-10,3.47,6684.0,,,,151.7
2019-03-11,3.0,4094.0,,,,152.1
2019-03-12,,21905.0,,,,
2019-03-13,2.99,897.0,,,,151.1
2019-03-14,2.99,7318.0,,,,151.1
2019-03-15,3.1,4532.0,,,,152.0
2019-03-16,2.99,19493.0,,,,151.7
2019-03-17,2.99,801.0,,,,153.3
2019-03-18,,3069.0,,,,
2019-03-19,,13436.0,,,,
2019-03-20,4.31,5611.0,,,,151.4
2019-03-21,4.24,3298.0,,,,152.7
2019-03-22,,0.0,,,,
2019-03-23,3.36,7102.0,,,,148.5
2019-03-24,4.13,3515.0,,,,152.2
2019-03-25,,2322.0,,,,
2019-03-26,3.0,7589.0,,,,148.5
2019-03-27,2.99,10403.0,,,,149.8
2019-03-28,3.31,7342.0,,,,149.8
2019-03-29,3.78,5196.0,,,,150.4
2019-03-30,3.18,607.0,,,,149.6
2019-03-31,3.29,7674.0,,,,150.0
2019-04-01,4.0,5535.0,,,,152.8
2019-04-02,3.91,91.0,,,,152.7
2019-04-03,3.54,2843.0,,,,151.5
2019-04-04,3.35,3557.0,,,,154.0
2019-04-05,,15168.0,,,,
2019-04-06,3.44,5938.0,,,,153.4
2019-04-07,2.99,8074.0,,,,153.9
2019-04-08,,16267.0,,,,
2019-04-09,3.0,16449.0,,,,154.3
2019-04-10,3.62,3854.0,,,,156.4
2019-04-11,3.0,2803.0,,,,154.4
2019-04-12,3.0,3743.0,,,,155.1
2019-04-13,3.76,7023.0,,,,156.6
2019-04-14,,6006.0,,,,
2019-04-15,2.99,15872.0,,,,154.0
2019-04-16,2.99,17181.0,,,,153.9
2019-04-17,2.99,11665.0,,,,153.5
2019-04-18,3.76,12140.0,,,,155.4
2019-04-19,2.99,12591.0,,,,151.1
2019-04-20,,2013.0,,,,
2019-04-21,,6793.0,,,,
2019-04-22,3.04,13287.0,,,,154.6
2019-04-23,3.0,8902.0,,,,154.5
2019-04-24,,17125.0,,,,
2019-04-25,2.99,19193.0,,,,154.3
2019-04-26,2.99,20327.0,,,,153.3
2019-04-27,2.99,26495.0,,,,152.4
2019-04-28,3.0,4022.0,,,,151.6
2019-04-29,3.47,3264.0,,,,154.0
2019-04-30,3.48,5526.0,,,,153.8
2019-05-01,3.6,6197.0,,,,154.8
2019-05-02,3.46,4417.0,,,,155.7
2019-05-03,3.57,13024.0,,,,153.6
2019-05-04,2.99,11298.0,,,,152.6
2019-05-05,2.99,17031.0,,,,152.5
2019-05-06,,13658.0,,,,
2019-05-07,2.99,6922.0,,,,153.2
2019-05-08,3.66,4912.0,,,,155.0
2019-05-09,4.17,3718.0,,,,155.0
2019-05-10,3.96,6237.0,,,,152.6
2019-05-11,3.47,4144.0,,,,152.7
2019-05-12,3.31,14392.0,,,,152.3
2019-05-13,3.94,19110.0,,,,153.2
2019-05-14,,20163.0,,,,
2019-05-15,2.99,14275.0,,,,152.0
2019-05-16,,15892.0,,,,
2019-05-17,,18507.0,,,,
2019-05-18,3.0,16109.0,,,,155.1
2019-05-19,,7782.0,,,,
2019-05-20,4.08,6112.0,,,,157.3
2019-05-21,4.22,4649.0,,,,155.2
2019-05-22,3.89,12299.0,,,,153.6
2019-05-23,,16184.0,,,,
2019-05-24,3.73,20030.0,,,,155.3
2019-05-25,3.44,16984.0,,,,153.2
2019-05-26,2.99,5357.0,,,,153.2
2019-05-27,2.99,9431.0,,,,155.0
2019-05-28,3.12,2583.0,,,,156.2
2019-05-29,,13579.0,,,,
2019-05-30,3.38,6076.0,,,,154.5
2019-05-31,,15235.0,,,,
2019-06-01,3.3,8038.0,,,,152.8
2019-06-02,2.99,16537.0,,,,155.7
2019-06-03,,13598.0,,,,
2019-06-04,3.59,,,,,154.9
2019-06-07,2.99,,,,,153.5
2019-06-08,2.99,10056.0,,,,154.8
2019-06-09,3.1,18152.0,,,,154.3
2019-06-10,,16938.0,,,,
2019-06-11,2.99,17819.0,,,,155.0
2019-06-12,3.0,7664.0,,,,155.3
2019-06-13,,12530.0,,,,
2019-06-14,,16178.0,,,,
2019-06-15,,23066.0,,,,
2019-06-16,3.72,16621.0,,,,152.8
2019-06-17,3.23,4339.0,,,,154.2
2019-06-18,,4713.0,,,,
2019-06-19,3.52,7777.0,,,,153.3
2019-06-20,3.0,12011.0,,,,153.6
2019-06-21,3.95,5065.0,,,,153.9
2019-06-22,,10604.0,,,,154.0
2019-06-23,,8450.0,,,,
2019-06-24,,4208.0,,,,
2019-06-25,,8226.0,,,,
2019-06-26,,9951.0,,,,
2019-06-27,,12134.0,,,,
2019-06-28,,14499.0,,,,
2019-06-29,,3022.0,,,,
2019-06-30,,3280.0,,,,
2019-07-01,3.48,14688.0,,,,156.3
2019-07-02,,5652.0,,,,
2019-07-03,3.08,4460.0,,,,152.7
2019-07-04,2.99,7494.0,,,,154.1
2019-07-05,2.99,16111.0,,,,154.3
2019-07-06,2.99,10692.0,,,,155.0
2019-07-07,3.4,4714.0,,,,154.4
2019-07-08,,12567.0,,,,
2019-07-09,,4573.0,,,,
2019-07-10,,13777.0,,,,
2019-07-11,17.77,4015.0,,,,152.0
2019-07-12,2.99,18739.0,,,,155.4
2019-07-13,,804.0,,,,
2019-07-14,2.99,15341.0,,,,153.2
2019-07-15,3.0,21199.0,,,,156.6
2019-07-16,2.99,21180.0,,,,155.4
2019-07-17,,13236.0,,,,
2019-07-18,3.0,20310.0,,,,152.9
2019-07-19,3.0,17908.0,,,,155.1
2019-07-20,2.99,5076.0,,,,155.0
2019-07-21,2.99,23163.0,,,,155.6
2019-07-22,,11869.0,,,,
2019-07-23,,10267.0,,,,
2019-07-24,,16476.0,,,,
2019-07-25,,5270.0,,,,151.7
2019-07-26,3.0,12798.0,,,,154.4
2019-07-27,,15624.0,,,,
2019-07-28,,12439.0,,,,
2019-07-29,2.99,6170.0,,,,154.9
2019-07-30,,17396.0,,,,
2019-07-31,3.11,4956.0,,,,153.2
2019-08-01,,15013.0,,,,
2019-08-02,2.99,5311.0,,,,154.3
2019-08-03,2.99,10799.0,,,,152.4
2019-08-04,2.99,8742.0,,,,154.2
2019-08-05,2.99,21668.0,,,,157.7
2019-08-06,,2604.0,,,,
2019-08-07,2.99,7889.0,,,,153.5
2019-08-08,3.07,3196.0,,,,153.7
2019-08-09,,531.0,,,,
2019-08-10,,6334.0,,,,
2019-08-11,3.08,2444.0,,,,151.7
2019-08-12,,24855.0,,,,
2019-08-13,3.0,18473.0,,,,151.5
2019-08-14,,12911.0,,,,
2019-08-15,,10855.0,,,,
2019-08-16,3.0,20084.0,,,,156.7
2019-08-17,,22208.0,,,,
2019-08-18,,1338.0,,,,
2019-08-19,2.99,12276.0,,,,154.7
2019-08-20,3.0,4089.0,,,,152.9
2019-08-21,3.0,1213.0,,,,153.7
2019-08-22,,13648.0,,,,
2019-08-23,,16597.0,,,,
2019-08-24,3.0,25764.0,,,,153.7
2019-08-25,3.0,14398.0,,,,153.1
2019-08-26,,14440.0,,,,
2019-08-27,,21721.0,,,,
2019-08-28,2.99,5189.0,,,,152.7
2019-08-29,3.22,10835.0,,,,153.3
2019-08-30,,12289.0,,,,
2019-08-31,2.99,4087.0,,,,153.2
2019-09-01,2.99,2779.0,,,,155.4
2019-09-02,2.99,1255.0,,,,152.7
2019-09-03,,12263.0,,,,
2019-09-04,2.99,14252.0,,,,154.2
2019-09-05,,19325.0,,,,
2019-09-06,3.72,8281.0,,,,155.8
2019-09-07,,20596.0,,,,
2019-09-08,3.54,1231.0,,,,153.0
2019-09-09,,465.0,,,,
2019-09-10,,16380.0,,,,
2019-09-11,2.99,11056.0,,,,156.9
2019-09-12,,12008.0,,,,
2019-09-13,,19278.0,,,,
2019-09-14,2.99,17865.0,,,,154.7
2019-09-15,3.0,1935.0,,,,153.8
2019-09-16,,8252.0,,,,
2019-09-17,2.99,14583.0,,,,157.8
2019-09-18,3.0,12624.0,,,,158.2
2019-09-19,2.99,16780.0,,,,155.5
2019-09-20,3.0,19144.0,,,,153.6
2019-09-21,3.14,26689.0,,,,153.6
2019-09-22,3.33,11989.0,,,,156.2
2019-09-23,,8496.0,,,,
2019-09-24,,13223.0,,,,
2019-09-25,2.99,3447.0,,,,154.9
2019-09-26,3.66,9849.0,,,,154.1
2019-09-27,,8995.0,,,,
2019-09-28,,6471.0,,,,
2019-09-29,,15381.0,,,,
2019-09-30,,17878.0,,,,
2019-10-01,4.2,11061.0,,,,156.6
2019-10-02,,10460.0,,,,
2019-10-03,,16423.0,,,,
2019-10-04,3.82,12352.0,,,,154.7
2019-10-05,,10393.0,,,,
2019-10-06,,8083.0,,,,
2019-10-07,,10164.0,,,,
2019-10-08,,21587.0,,,,
2019-10-09,3.01,14589.0,,,,155.8
2019-10-10,4.5,4584.0,,,,156.8
2019-10-11,,21621.0,,,,
2019-10-12,4.51,9193.0,,,,154.4
2019-10-13,2.99,10181.0,,,,154.7
2019-10-14,,9700.0,,,,
2019-10-15,,14839.0,,,,
2019-10-16,,15772.0,,,,
2019-10-17,,16457.0,,,,
2019-10-18,,28878.0,,,,
2019-10-19,,25233.0,,,,
2019-10-20,3.0,5083.0,,,,156.6
2019-10-21,,8673.0,,,,
2019-10-22,,12088.0,,,,
2019-10-23,3.0,5169.0,,,,156.7
2019-10-24,3.51,9027.0,,,,154.7
2019-10-25,3.48,11126.0,,,,154.7
2019-10-26,3.18,15293.0,,,,151.8
2019-10-27,,618.0,,,,
2019-10-28,4.27,7818.0,,,,156.0
2019-10-29,,1342.0,,,,
2019-10-30,3.86,2575.0,,,,152.5
2019-10-31,4.04,11876.0,,,,154.6
2019-11-01,3.96,7376.0,,,,153.2
2019-11-02,3.9,10751.0,,,,152.7
2019-11-03,3.87,9316.0,,,,153.2
2019-11-04,4.09,4643.0,,,,155.8
2019-11-05,,17659.0,,,,
2019-11-06,4.02,4743.0,,,,154.3
2019-11-07,4.18,4448.0,,,,154.2
2019-11-08,,16857.0,,,,
2019-11-09,,81.0,,,,
2019-11-10,3.0,21486.0,,,,155.2
2019-11-11,3.0,3301.0,,,,155.9
2019-11-12,3.05,3332.0,,,,154.9
2019-11-13,3.81,5709.0,,,,155.5
2019-11-14,,11934.0,,,,
2019-11-15,,14495.0,,,,
2019-11-16,4.34,15692.0,,,,153.7
2019-11-17,3.07,12718.0,,,,152.3
2019-11-18,,10635.0,,,,
2019-11-19,,14937.0,,,,
2019-11-20,3.56,3980.0,,,,154.9
2019-11-21,3.33,3978.0,,,,153.6
2019-11-22,3.13,20071.0,,,,153.1
2019-11-23,3.31,20467.0,,,,153.9
2019-11-24,3.25,9604.0,,,,152.7
2019-11-25,2.99,6477.0,,,,155.1
2019-11-26,,767.0,,,,
2019-11-27,,8854.0,,,,
2019-11-28,,714.0,,,,
2019-11-29,,1773.0,,,,
2019-11-30,,2421.0,,,,
2019-12-01,3.99,235.0,,,,153.6
2019-12-02,3.92,964.0,,,,154.8
2019-12-03,4.31,1771.0,,,,153.0
2019-12-04,3.79,7367.0,,,,153.0
2019-12-05,3.55,4171.0,,,,152.9
2019-12-06,3.01,11114.0,,,,153.6
2019-12-07,3.41,7825.0,,,,154.3
2019-12-08,2.99,10402.0,,,,154.3
2019-12-09,3.34,6802.0,,,,157.1
2019-12-10,3.0,6051.0,,,,155.2
2019-12-11,3.5,5676.0,,,,155.1
2019-12-12,3.2,12162.0,,,,153.2
2019-12-13,3.08,4572.0,,,,152.7
2019-12-14,3.32,5514.0,,,,152.7
2019-12-15,3.22,14442.0,,,,154.8
2019-12-16,2.99,4052.0,,,,156.2
2019-12-17,3.4,7152.0,,,,155.6
2019-12-18,,19773.0,,,,
2019-12-19,3.92,10332.0,,,,154.7
2019-12-20,3.66,9913.0,,,,152.8
2019-12-21,,2101.0,,,,
2019-12-22,,5363.0,,,,
2019-12-23,,2486.0,,,,
2019-12-24,,1197.0,,,,
2019-12-25,,8821.0,,,,
2019-12-26,,14769.0,,,,
2019-12-27,4.18,11459.0,,,,152.4
2019-12-28,,20644.0,,,,
2019-12-29,3.07,23404.0,,,,154.3
2019-12-30,4.14,5914.0,,,,154.5
2019-12-31,4.71,14613.0,,,,153.1
2020-01-01,4.66,11524.0,,,,153.2
2020-01-02,4.58,16890.0,,,,154.5
2020-01-03,4.64,24942.0,,,,154.4
2020-01-04,4.55,4522.0,,,,157.4
2020-01-05,,8633.0,,,,
2020-01-06,3.8,3614.0,,,,153.8
2020-01-07,3.15,4476.0,,,,155.4
2020-01-08,,14544.0,,,,
2020-01-09,3.0,3393.0,,,,153.7
2020-01-10,3.06,6101.0,,,,153.4
2020-01-11,2.99,8068.0,,,,153.3
2020-01-12,3.0,2078.0,,,,153.7
2020-01-13,3.37,4455.0,,,,154.6
2020-01-14,,12814.0,,,,
2020-01-15,2.99,3859.0,,,,154.1
2020-01-16,,18420.0,,,,
2020-01-17,3.25,3932.0,,,,153.4
2020-01-18,3.06,9690.0,,,,152.9
2020-01-19,2.99,13325.0,,,,151.8
2020-01-20,,787.0,,,,
2020-01-21,2.99,9982.0,,,,152.6
2020-01-22,,9951.0,,,,
2020-01-23,,18558.0,,,,
2020-01-24,3.96,5263.0,,,,153.1
2020-01-25,3.11,7958.0,,,,151.8
2020-01-26,2.99,3663.0,,,,151.1
2020-01-27,3.59,3948.0,,,,151.8
2020-01-28,3.02,4784.0,,,,152.5
2020-01-29,3.0,3631.0,,,,153.0
2020-01-30,3.3,441.0,,,,152.3
2020-01-31,3.39,3934.0,,,,152.2
2020-02-01,2.99,5119.0,,,,151.3
2020-02-02,2.99,4258.0,,,,150.6
2020-02-03,,8369.0,,,,150.5
2020-02-04,3.42,3778.0,,,,152.3
2020-02-05,3.44,4913.0,,,,153.2
2020-02-06,3.68,3283.0,,,,152.6
2020-02-07,3.63,7951.0,,,,151.8
2020-02-08,2.99,19251.0,,,,151.2
2020-02-09,3.27,16109.0,,,,151.8
2020-02-10,3.15,4754.0,,,,155.6
2020-02-11,3.68,11949.0,,,,154.1
2020-02-12,3.93,4113.0,,,,153.0
2020-02-13,4.24,4609.0,,,,153.3
2020-02-14,3.67,10024.0,,,,151.3
2020-02-15,3.71,12992.0,,,,152.0
2020-02-16,3.09,15063.0,,,,153.5
2020-02-17,3.44,21995.0,,,,154.6
2020-02-18,3.15,12597.0,,,,153.4
2020-02-19,3.81,5025.0,,,,154.3
2020-02-20,3.77,3618.0,,,,156.2
2020-02-21,4.08,2197.0,,,,155.5
2020-02-22,3.11,8771.0,,,,153.0
2020-02-23,3.72,12293.0,,,,154.7
2020-02-24,3.89,4102.0,,,,156.0
2020-02-25,3.87,4167.0,,,,155.6
2020-02-26,3.3,4017.0,,,,155.7
2020-02-27,3.0,4176.0,,,,155.3
2020-02-28,3.48,4708.0,,,,155.8
2020-02-29,,28811.0,,,,
2020-03-01,2.99,17567.0,,,,156.9
2020-03-02,3.0,4036.0,,,,158.9
2020-03-03,3.0,7668.0,,,,157.4
2020-03-04,,16696.0,,,,
2020-03-05,3.4,7515.0,,,,156.7
2020-03-06,,8619.0,,,,
2020-03-07,,7296.0,,,,
2020-03-08,3.0,11024.0,,,,151.4
2020-03-09,3.32,5043.0,,,,153.4
2020-03-10,,13654.0,,,,
2020-03-11,3.0,21834.0,,,,153.0
2020-03-12,3.0,12698.0,,,,150.7
2020-03-13,3.97,6922.0,,,,152.8
2020-03-14,,20602.0,,,,
2020-03-15,3.19,13521.0,,,,150.9
2020-03-16,3.45,14728.0,,,,150.4
2020-03-17,,17611.0,,,,
2020-03-18,3.0,7767.0,,,,153.8
2020-03-19,3.05,471.0,,,,150.3
2020-03-20,2.99,462.0,,,,152.5
2020-03-21,3.08,14319.0,,,,151.1
2020-03-22,,20093.0,,,,
2020-03-23,,7543.0,,,,
2020-03-24,3.87,16018.0,,,,151.5
2020-03-25,3.65,12842.0,,,,150.9
2020-03-26,,19520.0,,,,
2020-03-27,3.75,20200.0,,,,155.2
2020-03-28,2.99,17613.0,,,,152.5
2020-03-29,,15082.0,,,,
2020-03-30,3.52,11120.0,,,,152.2
2020-03-31,,7974.0,,,,
2020-04-01,2.99,7658.0,,,,152.5
2020-04-02,3.04,7806.0,,,,152.3
2020-04-03,5.07,12856.0,,,,
2020-04-04,,6752.0,,,,
2020-04-05,3.82,10300.0,,,,151.3
2020-04-06,3.45,8069.0,,,,151.6
2020-04-07,2.99,16787.0,,,,152.7
2020-04-08,,12667.0,,,,
2020-04-09,2.99,16363.0,,,,152.1
2020-04-10,3.6,9071.0,,,,151.8
2020-04-11,3.25,15717.0,,,,154.6
2020-04-12,,10924.0,,,,
2020-04-13,,12247.0,,,,
2020-04-14,3.86,4729.0,,,,154.8
2020-04-15,,7842.0,,,,
2020-04-16,3.86,651.0,,,,153.5
2020-04-17,4.1,12461.0,,,,154.8
2020-04-18,3.27,4743.0,,,,153.1
2020-04-19,2.99,2062.0,,,,152.8
2020-04-20,,18257.0,,,,
2020-04-21,3.48,7826.0,,,,154.7
2020-04-22,3.0,570.0,,,,152.9
2020-04-23,,8381.0,,,,153.7
2020-04-24,,21643.0,,,,
2020-04-25,3.0,5742.0,,,,
2020-04-26,3.0,676.0,,,,151.5
2020-04-27,3.41,6492.0,,,,152.8
2020-04-28,,11356.0,,,,
2020-04-29,3.47,20525.0,,,,155.1
2020-04-30,3.92,1138.0,,,,153.6
2020-05-01,,17093.0,,,,
2020-05-02,,1066.0,,,,
2020-05-03,3.05,772.0,,,,154.1
2020-05-04,,21874.0,,,,
2020-05-05,3.08,600.0,,,,154.4
2020-05-06,,17439.0,,,,
2020-05-07,4.3,4349.0,,,,154.8
2020-05-08,,21371.0,,,,
2020-05-09,3.3,9375.0,,,,154.5
2020-05-10,2.99,1074.0,,,,155.4
2020-05-11,,19705.0,,,,
2020-05-12,3.63,8631.0,,,,156.6
2020-05-13,,11132.0,,,,
2020-05-14,3.0,20894.0,,,,153.8
2020-05-15,2.99,10284.0,,,,156.1
2020-05-16,2.99,8213.0,,,,156.3
2020-05-17,3.0,1337.0,,,,155.8
2020-05-18,,18362.0,,,,
2020-05-19,2.99,173.0,,,,154.8
2020-05-20,,16154.0,,,,
2020-05-21,,2504.0,,,,154.8
2020-05-22,,19757.0,,,,
2020-05-23,2.99,4481.0,,,,155.0
2020-05-24,3.57,1912.0,,,,157.4
2020-05-25,,17656.0,,,,
2020-05-26,2.99,15209.0,,,,156.4
2020-05-27,2.99,5210.0,,,,153.5
2020-05-28,,18660.0,,,,
2020-05-29,3.79,5313.0,,,,154.9
2020-05-30,2.99,2790.0,,,,155.4
2020-05-31,,24965.0,,,,
2020-06-01,2.99,8504.0,,,,152.0
2020-06-02,2.99,13264.0,,,,154.9
2020-06-03,3.04,4827.0,,,,153.7
2020-06-04,,16931.0,,,,
2020-06-05,2.99,5818.0,,,,152.1
2020-06-06,,14579.0,,,,
2020-06-07,2.99,768.0,,,,153.3
2020-06-08,,22345.0,,,,
2020-06-09,,11522.0,,,,
2020-06-10,3.47,7022.0,,,,150.6
2020-06-11,,20328.0,,,,
2020-06-12,3.0,1220.0,,,,149.9
2020-06-13,,22345.0,,,,153.6
2020-06-14,3.0,1411.0,,,,151.6
2020-06-15,,21525.0,,,,
2020-06-16,,8322.0,,,,
2020-06-17,,16541.0,,,,
2020-06-18,3.55,2738.0,,,,151.6
2020-06-19,3.89,17337.0,,,,153.5
2020-06-20,,993.0,,,,
2020-06-21,2.99,20673.0,,,,150.6
2020-06-22,,15501.0,,,,
2020-06-23,3.0,29369.0,,,,155.8
2020-06-24,3.0,635.0,,,,151.4
2020-06-25,,22136.0,,,,
2020-06-26,,15604.0,,,,
2020-06-27,,37607.0,,,,
2020-06-28,2.99,2854.0,,,,151.9
2020-06-29,2.99,20633.0,,,,150.6
2020-06-30,,21891.0,,,,
2020-07-01,,19893.0,,,,
2020-07-02,2.99,625.0,,,,150.5
2020-07-03,,21721.0,,,,
2020-07-04,2.99,1709.0,,,,153.3
2020-07-05,3.0,19427.0,,,,156.8
2020-07-06,,724.0,,,,
2020-07-07,,24885.0,,,,
2020-07-08,,23127.0,,,,
2020-07-09,,18901.0,,,,
2020-07-10,2.99,17627.0,,,,154.3
2020-07-11,3.0,1219.0,,,,150.8
2020-07-12,2.99,19953.0,,,,154.1
2020-07-13,,13365.0,,,,
2020-07-14,,20498.0,,,,
2020-07-15,2.99,4813.0,,,,151.1
2020-07-16,,12773.0,,,,
2020-07-17,,16647.0,,,,
2020-07-18,2.99,17132.0,,,,155.3
2020-07-19,2.99,910.0,,,,150.6
2020-07-20,,13207.0,,,,
2020-07-21,3.0,3714.0,,,,155.8
2020-07-22,,14694.0,,,,
2020-07-23,,289.0,,,,146.1
2020-07-24,,18872.0,,,,152.8
2020-07-25,3.0,17968.0,,,,154.5
2020-07-26,3.0,14096.0,,,,153.8
2020-07-27,,16190.0,,,,
2020-07-28,2.99,12644.0,,,,153.5
2020-07-29,,21369.0,,,,
2020-07-30,2.99,18078.0,,,,154.2
2020-07-31,,8333.0,,,,151.4
2020-08-01,3.0,16735.0,,,,154.4
2020-08-02,,1583.0,,,,
2020-08-03,,19874.0,,,,
2020-08-04,,17682.0,,,,
2020-08-05,3.0,7052.0,,,,151.5
2020-08-06,,15823.0,,,,
2020-08-07,2.99,21539.0,,,,154.3
2020-08-08,2.99,4352.0,,,,151.2
2020-08-09,3.0,6537.0,,,,152.3
2020-08-10,,14878.0,,,,
2020-08-11,,4151.0,,,,
2020-08-12,2.99,1358.0,,,,152.1
2020-08-13,,22060.0,,,,
2020-08-14,3.0,5063.0,,,,152.9
2020-08-15,,21824.0,,,,
2020-08-16,,800.0,,,,153.2
2020-08-17,,18726.0,,,,
2020-08-18,,17278.0,,,,
2020-08-19,3.31,27578.0,,,,153.8
2020-08-20,,26896.0,,,,
2020-08-21,,18341.0,,,,
2020-08-22,,17101.0,,,,
2020-08-23,2.99,1227.0,,,,153.5
2020-08-24,2.99,12593.0,,,,154.9
2020-08-25,2.99,3781.0,,,,154.3
2020-08-26,,3742.0,,,,154.6
2020-08-27,3.87,14204.0,,,,155.7
2020-08-28,,7058.0,,,,154.2
2020-08-29,,5279.0,,,,153.4
2020-08-30,,1519.0,,,,
2020-08-31,,267.0,889.0,,,
2020-09-01,,1973.0,,,,152.5
2020-09-02,3.0,1890.0,,,,150.7
2020-09-03,,6264.0,,,,
2020-09-04,3.15,5200.0,,,,151.7
2020-09-05,,7591.0,,,,
2020-09-06,3.0,7471.0,,,,152.9
2020-09-07,3.0,4656.0,,,,152.2
2020-09-08,2.99,3868.0,,,,154.0
2020-09-09,,3086.0,,,,153.9
2020-09-10,,7665.0,,,,152.7
2020-09-11,3.38,6563.0,,,,153.5
2020-09-12,2.99,6655.0,,,,153.5
2020-09-13,3.11,2356.0,,,,154.5
2020-09-14,3.43,4928.0,,,,155.0
2020-09-15,3.61,4702.0,,,,155.6
2020-09-16,4.39,2551.0,,,,155.2
2020-09-17,3.58,3023.0,,,,153.3
2020-09-18,3.87,7643.0,,,,153.7
2020-09-19,,10721.0,,,,
2020-09-20,3.42,4370.0,,,,152.3
2020-09-21,,4180.0,,,,
2020-09-22,3.97,5430.0,,,,155.6
2020-09-23,3.92,3246.0,,,,154.7
2020-09-24,3.68,4762.0,,,,152.6
2020-09-25,,9220.0,,,,
2020-09-26,,10667.0,,,,151.9
2020-09-27,,4565.0,,,,
2020-09-28,3.27,1963.0,,,,155.2
2020-09-29,3.41,3413.0,,,,154.6
2020-09-30,3.99,3762.0,,,,154.7
2020-10-01,4.4,6705.0,,,,154.4
2020-10-02,4.37,4937.0,,,,153.0
2020-10-03,,2148.0,,,,
2020-10-04,3.28,3181.0,,,,152.6
2020-10-05,4.37,5644.0,,,,153.8
2020-10-06,4.11,4751.0,,,,154.4
2020-10-07,3.92,5037.0,,,,154.2
2020-10-08,,4988.0,,,,
2020-10-09,,13533.0,,,,151.4
2020-10-10,,18365.0,,,,
2020-10-11,3.0,5454.0,,,,153.6
2020-10-12,3.4,7941.0,,,,152.9
2020-10-13,3.52,7482.0,,,,154.2
2020-10-14,,9081.0,,,,154.7
2020-10-15,3.88,4242.0,,,,154.9
2020-10-16,3.6,4808.0,,,,151.3
2020-10-17,,10074.0,,,,
2020-10-18,3.75,9238.0,,,,153.4
2020-10-19,,8596.0,,,,154.6
2020-10-20,3.92,4171.0,,,,154.6
2020-10-21,4.06,7225.0,,,,153.2
2020-10-22,3.85,5206.0,,,,151.9
2020-10-23,,5200.0,,,,153.5
2020-10-24,3.57,15417.0,,,,151.2
2020-10-25,3.0,1109.0,,,,152.2
2020-10-26,,1374.0,,,,
2020-10-27,,1732.0,,,,152.7
2020-10-28,,68.0,,,,
2020-10-29,2.99,4632.0,,,,152.8
2020-10-30,,16102.0,,,,152.7
2020-10-31,,8180.0,,,,
2020-11-01,3.55,9387.0,,,,152.6
2020-11-02,,7810.0,,,,
2020-11-03,3.52,7553.0,,,,154.8
2020-11-04,,10077.0,,,,
2020-11-05,,17477.0,,,,
2020-11-06,3.6,10838.0,,,,153.7
2020-11-07,2.99,7866.0,,,,153.2
2020-11-08,,16064.0,,,,
2020-11-09,,3023.0,,,,
2020-11-10,,5493.0,,,,
2020-11-11,3.17,9786.0,,,,152.1
2020-11-12,,3611.0,,,,
2020-11-13,3.0,19073.0,,,,151.6
2020-11-14,3.92,6466.0,,,,151.2
2020-11-15,4.26,11377.0,,,,152.0
2020-11-16,,11734.0,,,,
2020-11-17,,2528.0,,,,
2020-11-18,3.3,5799.0,,,,152.5
2020-11-19,,1803.0,,,,
2020-11-20,3.36,8898.0,,,,154.1
2020-11-21,,7402.0,,,,153.5
2020-11-22,,2093.0,,,,
2020-11-23,4.13,10101.0,,,,152.8
2020-11-24,,5293.0,,,,
2020-11-25,,3239.0,,,,
2020-11-26,3.07,1711.0,,,,153.0
2020-11-27,,9164.0,,,,
2020-11-28,3.74,1314.0,,,,152.9
2020-11-29,,5459.0,,,,
2020-11-30,,1440.0,,,,
2020-12-01,2.99,5771.0,,,,153.5
2020-12-02,3.31,5344.0,,,,153.9
2020-12-03,,3401.0,,,,
2020-12-04,4.16,1196.0,,,,153.1
2020-12-05,3.29,1893.0,,,,151.3
2020-12-06,,6523.0,,,,
2020-12-07,,11070.0,,,,
2020-12-08,,5341.0,,,,
2020-12-09,3.79,8594.0,,,,154.2
2020-12-10,,8943.0,,,,
2020-12-11,,2929.0,,,,
2020-12-12,3.37,7441.0,,,,152.3
2020-12-13,,8586.0,,,,153.0
2020-12-14,,10845.0,,,,
2020-12-15,,4108.0,,,,
2020-12-16,3.98,5005.0,,,,152.7
2020-12-17,,7444.0,,,,
2020-12-18,3.22,5706.0,,,,154.8
2020-12-19,3.48,10560.0,,,,154.1
2020-12-20,,13414.0,,,,
2020-12-21,,2311.0,,,,
2020-12-22,3.22,12335.0,,,,156.6
2020-12-23,2.99,3653.0,,,,157.0
2020-12-24,,3470.0,,,,
2020-12-25,,8614.0,,,,
2020-12-26,,3622.0,,,,
2020-12-27,4.29,17300.0,,,,153.7
2020-12-28,,8476.0,,,,
2020-12-29,,6309.0,,,,
2020-12-30,3.63,11440.0,,,,155.6
2020-12-31,,2709.0,,,,
2021-01-01,4.37,11446.0,,,,153.5
2021-01-02,4.08,4946.0,,,,153.6
2021-01-03,3.67,1352.0,,,,152.7
2021-01-04,,1942.0,,,,
2021-01-05,,1837.0,,,,155.8
2021-01-06,4.67,1643.0,,,,155.4
2021-01-07,4.48,2430.0,,,,154.1
2021-01-08,2.99,1240.0,,,,154.6
2021-01-09,3.15,6589.0,,,,154.7
2021-01-10,3.0,4460.0,,,,157.4
2021-01-11,3.0,3377.0,,,,158.8
2021-01-12,3.97,12003.0,,,,157.0
2021-01-13,,7626.0,,,,
2021-01-14,4.22,9886.0,,,,156.1
2021-01-15,3.95,6159.0,,,,155.6
2021-01-16,,297.0,,,,
2021-01-17,4.29,2649.0,,,,154.8
2021-01-18,,2247.0,,,,
2021-01-19,,12921.0,,,,157.8
2021-01-20,,14374.0,,,,154.7
2021-01-21,,12190.0,,,,154.7
2021-01-22,4.35,14286.0,,,,156.1
2021-01-23,,10003.0,,,,
2021-01-24,3.0,12866.0,,,,155.8
2021-01-25,3.66,3485.0,,,,155.3
2021-01-26,,4215.0,,,,
2021-01-27,3.33,3298.0,,,,153.1
2021-01-28,,1988.0,,,,153.9
2021-01-29,,14333.0,,,,
2021-01-30,3.0,9412.0,,,,154.4
2021-01-31,,9909.0,,,,
2021-02-01,3.0,10502.0,,,,155.3
2021-02-02,,17533.0,,,,
2021-02-03,3.12,8689.0,,,,158.3
2021-02-04,,5525.0,,,,
2021-02-05,,13952.0,,,,155.9
2021-02-06,,706.0,,,,
2021-02-07,3.77,9788.0,,,,150.7
2021-02-08,,3175.0,,,,
2021-02-09,3.95,1499.0,,,,157.8
2021-02-10,3.0,0.0,,,,155.2
2021-02-11,5.79,0.0,,,,155.8
2021-02-12,,0.0,,,,
2021-02-13,,0.0,,,,154.3
2021-02-14,4.27,0.0,,,,155.9
2021-02-15,3.6,0.0,,,,157.9
2021-02-16,3.28,0.0,,,,157.4
2021-02-17,,0.0,,,,
2021-02-18,4.05,0.0,,,,159.1
2021-02-19,4.91,0.0,,,,159.8
2021-02-20,3.41,0.0,,,,156.9
2021-02-21,3.23,0.0,,,,157.1
2021-02-22,,0.0,,,,
2021-02-23,4.68,0.0,,,,161.0
2021-02-24,4.67,0.0,,,,159.5
2021-02-25,3.73,0.0,,,,154.5
2021-02-26,,0.0,,,,
2021-02-27,3.15,0.0,,,,156.8
2021-02-28,3.54,0.0,,,,158.2
2021-03-01,,0.0,,,,
2021-03-02,4.46,0.0,,,,157.2
2021-03-03,,0.0,,,,
2021-03-04,4.49,0.0,,,,157.7
2021-03-05,,0.0,,,,
2021-03-06,4.21,0.0,,,,153.8
2021-03-07,3.65,0.0,,,,156.0
2021-03-08,,0.0,,,,
2021-03-09,3.19,0.0,,,,159.5
2021-03-10,3.0,0.0,,,,158.7
2021-03-11,,0.0,,,,
2021-03-12,4.67,0.0,,,,155.7
2021-03-13,3.75,0.0,,,,155.2
2021-03-14,3.94,0.0,,,,156.7
2021-03-15,3.66,0.0,,,,155.3
2021-03-16,,0.0,,,,
2021-03-17,5.99,0.0,,,,158.9
2021-03-18,5.17,0.0,,,,157.1
2021-03-19,4.98,0.0,,,,157.1
2021-03-20,4.41,0.0,,,,157.1
2021-03-21,3.58,0.0,,,,156.6
2021-03-22,,0.0,,,,
2021-03-23,4.96,0.0,,,,156.1
2021-03-24,4.96,0.0,,,,156.0
2021-03-25,,0.0,,,,
2021-03-26,5.16,0.0,,,,155.9
2021-03-27,,0.0,,,,
2021-03-28,4.75,0.0,,,,154.9
2021-03-29,3.39,0.0,,,,155.5
2021-03-30,,0.0,,,,
2021-03-31,,0.0,,,,
2021-04-01,3.74,0.0,,,,157.8
2021-04-02,,0.0,,,,
2021-04-03,,0.0,,,,
2021-04-04,,0.0,,,,
2021-04-05,,0.0,,,,
2021-04-06,3.64,0.0,,,,155.5
2021-04-07,3.97,0.0,,,,158.6
2021-04-08,,0.0,,,,
2021-04-09,4.33,0.0,,,,158.2
2021-04-10,,0.0,,,,
2021-04-11,3.62,0.0,,,,156.9
2021-04-12,,0.0,,,,
2021-04-13,,0.0,,,,
2021-04-14,,0.0,,,,
2021-04-15,3.82,0.0,,,,156.5
2021-04-16,4.87,0.0,,,,156.5
2021-04-17,,0.0,,,,
2021-04-18,,0.0,,,,155.9
2021-04-19,4.55,0.0,,,,156.9
2021-04-20,,0.0,,,,156.3
2021-04-21,4.34,0.0,,,,155.8
2021-04-22,4.9,0.0,,,,155.2
2021-04-23,5.32,0.0,,,,154.3
2021-04-24,,0.0,,,,
2021-04-25,4.37,0.0,,,,153.8
2021-04-26,,0.0,,,,
2021-04-27,3.99,0.0,,,,157.3
2021-04-28,4.4,0.0,,,,155.2
2021-04-29,,0.0,,,,
2021-04-30,,0.0,,,,
2021-05-01,2.99,0.0,,,,152.7
2021-05-02,3.66,0.0,,,,154.0
2021-05-03,4.06,0.0,,,,155.8
2021-05-04,,0.0,,,,
2021-05-05,,0.0,,,,
2021-05-06,,0.0,,,,
2021-05-07,4.61,0.0,,,,153.4
2021-05-08,,0.0,,,,153.0
2021-05-09,,0.0,,,,
2021-05-10,4.25,0.0,,,,155.6
2021-05-11,4.54,0.0,,,,155.0
2021-05-12,,0.0,,,,
2021-05-13,,0.0,,,,153.5
2021-05-14,,0.0,,,,
2021-05-15,2.99,0.0,,,,153.5
2021-05-16,3.39,0.0,,,,156.2
2021-05-17,3.59,0.0,,,,157.8
2021-05-18,,0.0,,,,
2021-05-19,,0.0,,,,
2021-05-20,,0.0,,,,
2021-05-21,,0.0,,,,
2021-05-22,,0.0,,,,
2021-05-23,3.53,0.0,,,,152.6
2021-05-24,,0.0,,,,
2021-05-25,,0.0,,,,
2021-05-26,4.69,0.0,,,,154.0
2021-05-27,3.87,0.0,,,,153.1
2021-05-28,3.94,0.0,,,,153.3
2021-05-29,2.99,0.0,,,,153.9
2021-05-30,,0.0,,,,
2021-05-31,,0.0,,,,
2021-06-01,,0.0,,,,
2021-06-02,,0.0,,,,
2021-06-03,,0.0,,,,
2021-06-04,3.0,0.0,,,,155.3
2021-06-05,,0.0,,,,
2021-06-06,,0.0,,,,
2021-06-07,,0.0,,,,148.3
2021-06-08,,0.0,,,,
2021-06-09,,0.0,,,,
2021-06-10,,0.0,,,,
2021-06-11,,0.0,,,,
2021-06-12,,0.0,,,,
2021-06-13,,0.0,,,,156.6
2021-06-14,,0.0,,,,
2021-06-15,,0.0,,,,
2021-06-16,,0.0,,,,
2021-06-17,,0.0,,,,
2021-06-18,,0.0,,,,
2021-06-19,2.99,0.0,,,,152.7
2021-06-20,,0.0,,,,
2021-06-21,,0.0,,,,155.8
2021-06-22,,0.0,,,,
2021-06-23,3.75,0.0,,,,155.9
2021-06-24,,0.0,,,,154.7
2021-06-25,3.49,0.0,,,,153.5
2021-06-26,,0.0,,,,
2021-06-27,3.71,0.0,,,,156.3
2021-06-28,3.84,0.0,,,,156.0
2021-06-29,4.22,0.0,,,,156.9
2021-06-30,3.37,0.0,,,,153.3
2021-07-01,3.47,0.0,,,,154.5
2021-07-02,,0.0,,,,
2021-07-03,,0.0,,,,153.6
2021-07-04,,0.0,,,,
2021-07-05,,0.0,,,,
2021-07-06,,0.0,,,,
2021-07-07,,0.0,,,,
2021-07-08,,0.0,,,,
2021-07-09,,0.0,,,,
2021-07-10,,0.0,,,,
2021-07-11,4.52,0.0,,,,155.6
2021-07-12,2.99,0.0,,,,152.8
2021-07-13,,0.0,,,,
2021-07-14,3.51,0.0,,,,156.8
2021-07-15,,0.0,,,,
2021-07-16,,0.0,,,,153.7
2021-07-17,3.28,0.0,,,,154.4
2021-07-18,3.05,0.0,,,,153.2
2021-07-19,4.15,0.0,,,,155.7
2021-07-20,4.28,0.0,,,,155.6
2021-07-21,,0.0,,,,154.7
2021-07-22,4.87,0.0,,,,153.8
2021-07-23,,0.0,,,,
2021-07-24,,0.0,,,,
2021-07-25,2.99,0.0,,,,154.9
2021-07-26,,0.0,,,,
2021-07-27,3.25,0.0,,,,156.6
2021-07-28,,0.0,,,,153.5
2021-07-29,3.58,0.0,,,,152.7
2021-07-30,3.06,0.0,,,,151.9
2021-07-31,,0.0,,,,
2021-08-01,,0.0,,,,
2021-08-02,2.99,0.0,,,,154.6
2021-08-03,,0.0,,,,
2021-08-04,2.99,0.0,,,,153.3
2021-08-05,4.1,0.0,,,,156.0
2021-08-06,,0.0,,,,155.9
2021-08-07,3.19,0.0,,,,154.7
2021-08-08,3.73,0.0,,,,154.3
2021-08-09,,0.0,,,,
2021-08-10,,0.0,,,,156.1
2021-08-11,3.51,0.0,,,,156.6
2021-08-12,,0.0,,,,
2021-08-13,,0.0,,,,
2021-08-14,,0.0,,,,
2021-08-15,,0.0,,,,
2021-08-16,,0.0,,,,151.9
2021-08-17,2.99,0.0,,,,157.0
2021-08-18,4.32,0.0,,,,157.1
2021-08-19,3.33,0.0,,,,153.7
2021-08-20,4.31,0.0,,,,155.1
2021-08-21,,0.0,,,,
2021-08-22,,0.0,,,,154.7
2021-08-23,4.44,0.0,,,,154.8
2021-08-24,,0.0,,,,
2021-08-25,,0.0,,,,153.9
2021-08-26,4.85,0.0,,,,155.6
2021-08-27,4.54,0.0,,,,154.9
2021-08-28,3.0,0.0,,,,154.3
2021-08-29,3.31,0.0,,,,155.8
2021-08-30,4.35,0.0,,,,154.4
2021-08-31,5.24,0.0,,,,155.6
2021-09-01,2.99,0.0,,,,157.0
2021-09-02,3.81,0.0,,,,155.3
2021-09-03,,0.0,,,,
2021-09-04,2.99,0.0,,,,157.0
2021-09-05,,0.0,,,,155.0
2021-09-06,,0.0,,,,153.5
2021-09-07,,0.0,,,,153.5
2021-09-08,4.38,0.0,,,,155.5
2021-09-09,4.84,0.0,,,,154.3
2021-09-10,3.82,0.0,,,,152.5
2021-09-11,,0.0,,,,
2021-09-12,,0.0,,,,
2021-09-13,4.23,0.0,,,,152.7
2021-09-14,4.86,0.0,,,,154.8
2021-09-15,,0.0,,,,155.2
2021-09-16,,0.0,,,,153.5
2021-09-17,,0.0,,,,
2021-09-18,,0.0,,,,
2021-09-19,,0.0,,,,
2021-09-20,,0.0,,,,153.3
2021-09-21,,0.0,,,,155.4
2021-09-22,3.29,0.0,,,,153.3
2021-09-23,3.88,0.0,,,,152.7
2021-09-24,4.87,0.0,,,,153.9
2021-09-25,4.24,0.0,,,,151.7
2021-09-26,,0.0,,,,
2021-09-27,,0.0,,,,154.5
2021-09-28,4.16,0.0,,,,153.7
2021-09-29,3.63,0.0,,,,152.6
2021-09-30,,0.0,,,,153.2
2021-10-01,,0.0,,,,153.5
2021-10-02,,0.0,,,,
2021-10-03,,0.0,,,,155.7
2021-10-04,3.54,0.0,,,,154.5
2021-10-05,3.85,0.0,,,,155.1
2021-10-06,,0.0,,,,155.4
2021-10-07,4.77,0.0,,,,156.1
2021-10-08,,0.0,,,,
2021-10-09,,0.0,,,,153.7
2021-10-10,,0.0,,,,
2021-10-11,,0.0,,,,154.7
2021-10-12,,0.0,,,,152.7
2021-10-13,,0.0,,,,153.2
2021-10-14,8.04,0.0,,,,153.0
2021-10-15,4.18,0.0,,,,153.0
2021-10-16,,0.0,,,,
2021-10-17,,0.0,,,,154.0
2021-10-18,3.89,,,,,154.1
